"campaignid","sample","family","genus","species","length","number","range"
"2022-05_PtCloates_BOSS","224","Carangidae","Carangoides","gymnostethus",323.20185,1,2969.72356
"2022-05_PtCloates_BOSS","224","Carangidae","Carangoides","gymnostethus",333.34465,1,2412.40478
"2022-05_PtCloates_BOSS","224","Carangidae","Carangoides","gymnostethus",343.4862,1,2758.80946
"2022-05_PtCloates_BOSS","224","Carangidae","Carangoides","gymnostethus",290.64323,1,4026.24006
"2022-05_PtCloates_BOSS","224","Carangidae","Carangoides","gymnostethus",333.62375,1,3765.2584
"2022-05_PtCloates_BOSS","224","Carangidae","Carangoides","gymnostethus",302.52721,1,2605.94213
"2022-05_PtCloates_BOSS","224","Carangidae","Carangoides","gymnostethus",340.65684,1,2655.27298
"2022-05_PtCloates_BOSS","224","Carangidae","Carangoides","gymnostethus",309.77195,1,2875.98227
"2022-05_PtCloates_BOSS","224","Carangidae","Carangoides","gymnostethus",320.73373,1,3117.4753
"2022-05_PtCloates_BOSS","224","Carangidae","Carangoides","gymnostethus",301.61141,1,2977.30707
"2022-05_PtCloates_BOSS","224","Carangidae","Carangoides","gymnostethus",320.3736,1,2960.64086
"2022-05_PtCloates_BOSS","224","Carangidae","Carangoides","gymnostethus",352.16262,1,2758.60022
"2022-05_PtCloates_BOSS","224","Carangidae","Carangoides","gymnostethus",355.80046,1,3060.38639
"2022-05_PtCloates_BOSS","224","Carangidae","Carangoides","gymnostethus",286.86822,1,3057.88119
"2022-05_PtCloates_BOSS","224","Carangidae","Carangoides","gymnostethus",340.63848,1,3116.46624
"2022-05_PtCloates_BOSS","224","Carangidae","Carangoides","gymnostethus",305.18819,1,3082.58771
"2022-05_PtCloates_BOSS","224","Carangidae","Carangoides","gymnostethus",323.76566,1,4109.27163
"2022-05_PtCloates_BOSS","224","Carangidae","Carangoides","gymnostethus",287.99973,1,3076.5399
"2022-05_PtCloates_BOSS","224","Carangidae","Carangoides","gymnostethus",289.79203,1,2912.08241
"2022-05_PtCloates_BOSS","224","Carangidae","Carangoides","gymnostethus",300.44343,1,2980.21286
"2022-05_PtCloates_BOSS","224","Carangidae","Carangoides","gymnostethus",304.5893,1,3324.57379
"2022-05_PtCloates_BOSS","224","Carangidae","Carangoides","gymnostethus",271.32,1,3223.47704
"2022-05_PtCloates_BOSS","224","Carangidae","Carangoides","gymnostethus",284.07786,1,2915.39931
"2022-05_PtCloates_BOSS","224","Carangidae","Carangoides","gymnostethus",336.02145,1,2995.83512
"2022-05_PtCloates_BOSS","224","Carangidae","Carangoides","gymnostethus",292.78662,1,3021.12666
"2022-05_PtCloates_BOSS","224","Carangidae","Carangoides","gymnostethus",315.26863,1,3330.80813
"2022-05_PtCloates_BOSS","224","Carangidae","Carangoides","gymnostethus",301.26449,1,2841.66543
"2022-05_PtCloates_BOSS","224","Carangidae","Carangoides","gymnostethus",310.3339,1,3056.77863
"2022-05_PtCloates_BOSS","224","Carangidae","Carangoides","gymnostethus",291.70815,1,3094.25365
"2022-05_PtCloates_BOSS","224","Carangidae","Carangoides","gymnostethus",311.84525,1,3630.57879
"2022-05_PtCloates_BOSS","232","Priacanthidae","Priacanthus","hamrur",206.10559,1,2941.0491
"2022-05_PtCloates_BOSS","211","Carangidae","Carangoides","chrysophrys",227.3138,1,5991.96531
"2022-05_PtCloates_BOSS","211","Carcharhinidae","Carcharhinus","albimarginatus",725.21289,1,4218.96371
"2022-05_PtCloates_BOSS","211","Serranidae","Epinephelus","areolatus",273.81106,1,2977.79178
"2022-05_PtCloates_BOSS","203","Nemipteridae","Pentapodus","nagasakiensis",106.21672,1,2767.69122
"2022-05_PtCloates_BOSS","203","Nemipteridae","Pentapodus","nagasakiensis",82.93255,1,2645.23938
"2022-05_PtCloates_BOSS","221","Lethrinidae","Gymnocranius","spp",524.53798,1,5263.58188
"2022-05_PtCloates_BOSS","221","Lutjanidae","Pristipomoides","sp1",504.2436,1,2881.68834
"2022-05_PtCloates_BOSS","221","Lutjanidae","Pristipomoides","sp1",545.47548,1,3305.02341
"2022-05_PtCloates_BOSS","264","Labridae","Bodianus","bilunulatus",325.89667,1,3207.63812
"2022-05_PtCloates_BOSS","264","Labridae","Labroides","dimidiatus",74.29671,1,2255.93371
"2022-05_PtCloates_BOSS","264","Labridae","Bodianus","solatus",276.86681,1,2826.04287
"2022-05_PtCloates_BOSS","264","Serranidae","Plectropomus","spp",663.8107,1,4368.80464
"2022-05_PtCloates_BOSS","264","Mullidae","Parupeneus","cyclostomus",320.02414,1,4275.45404
"2022-05_PtCloates_BOSS","264","Mullidae","Parupeneus","cyclostomus",279.46641,1,4552.87317
"2022-05_PtCloates_BOSS","264","Pomacanthidae","Pomacanthus","semicirculatus",315.42314,1,3185.60417
"2022-05_PtCloates_BOSS","262","Lutjanidae","Aphareus","rutilans",734.80366,1,3345.58519
"2022-05_PtCloates_BOSS","262","Lethrinidae","Lethrinus","miniatus",498.40224,1,1993.63276
"2022-05_PtCloates_BOSS","265","Lethrinidae","Lethrinus","miniatus",386.08626,1,2813.92587
"2022-05_PtCloates_BOSS","265","Lethrinidae","Gymnocranius","spp",302.98475,1,2780.6605
"2022-05_PtCloates_BOSS","265","Lethrinidae","Gymnocranius","spp",401.52002,1,4824.61948
"2022-05_PtCloates_BOSS","150","Echeneidae","Echeneis","naucrates",765.51954,1,2567.23992
"2022-05_PtCloates_BOSS","B64","Nemipteridae","Pentapodus","nagasakiensis",70.35615,1,1647.01009
"2022-05_PtCloates_BOSS","266","Lutjanidae","Pristipomoides","sp1",299.40842,1,4468.92531
"2022-05_PtCloates_BOSS","270","Balistidae","Xanthichthys","lineopunctatus",298.26806,1,3540.49959
"2022-05_PtCloates_BOSS","270","Chaetodontidae","Heniochus","acuminatus",193.2813,1,1719.03236
"2022-05_PtCloates_BOSS","270","Synodontidae","Synodus","na",76.24544,1,1239.67662
"2022-05_PtCloates_BOSS","270","Lethrinidae","Lethrinus","miniatus",488.03418,1,4024.09827
"2022-05_PtCloates_BOSS","201","Chaetodontidae","Chaetodon","assarius",113.36408,1,2661.60955
"2022-05_PtCloates_BOSS","B54.2","Nemipteridae","Pentapodus","nagasakiensis",78.23632,1,1840.16265
"2022-05_PtCloates_BOSS","B52","Lutjanidae","Lutjanus","sebae",544.10344,1,1194.60007
"2022-05_PtCloates_BOSS","132","Nemipteridae","Pentapodus","nagasakiensis",100.34839,1,2400.11279
"2022-05_PtCloates_BOSS","132","Nemipteridae","Pentapodus","nagasakiensis",112.27729,1,2291.23385
"2022-05_PtCloates_BOSS","132","Nemipteridae","Pentapodus","nagasakiensis",121.98838,1,2938.27786
"2022-05_PtCloates_BOSS","105","Nemipteridae","Pentapodus","nagasakiensis",67.50479,1,2326.02971
"2022-05_PtCloates_BOSS","105","Nemipteridae","Pentapodus","nagasakiensis",112.34512,1,1943.49476
"2022-05_PtCloates_BOSS","105","Nemipteridae","Pentapodus","nagasakiensis",85.37544,1,2363.30258
"2022-05_PtCloates_BOSS","105","Nemipteridae","Pentapodus","nagasakiensis",104.33853,1,2262.3033
"2022-05_PtCloates_BOSS","255","Pinguipedidae","Parapercis","nebulosa",84.85984,1,2294.5269
"2022-05_PtCloates_BOSS","269","Carangidae","Carangoides","fulvoguttatus",642.46664,1,3099.80145
"2022-05_PtCloates_BOSS","269","Carangidae","Carangoides","fulvoguttatus",701.82183,1,3924.04997
"2022-05_PtCloates_BOSS","269","Carangidae","Carangoides","fulvoguttatus",636.96935,1,2802.98007
"2022-05_PtCloates_BOSS","269","Carangidae","Carangoides","fulvoguttatus",642.5876,1,3340.37226
"2022-05_PtCloates_BOSS","269","Carangidae","Carangoides","fulvoguttatus",551.61344,1,3365.38267
"2022-05_PtCloates_BOSS","269","Carangidae","Carangoides","fulvoguttatus",535.75766,1,3686.93497
"2022-05_PtCloates_BOSS","269","Carangidae","Carangoides","fulvoguttatus",646.0341,1,2808.31204
"2022-05_PtCloates_BOSS","269","Carangidae","Carangoides","fulvoguttatus",688.77311,1,3844.18537
"2022-05_PtCloates_BOSS","269","Carangidae","Carangoides","fulvoguttatus",662.98098,1,3253.33432
"2022-05_PtCloates_BOSS","269","Carangidae","Carangoides","fulvoguttatus",669.26626,1,3363.66416
"2022-05_PtCloates_BOSS","269","Carangidae","Carangoides","fulvoguttatus",661.88627,1,2976.05426
"2022-05_PtCloates_BOSS","269","Carangidae","Carangoides","fulvoguttatus",631.85921,1,3541.87621
"2022-05_PtCloates_BOSS","269","Carangidae","Carangoides","fulvoguttatus",568.42418,1,4675.31993
"2022-05_PtCloates_BOSS","269","Carangidae","Carangoides","fulvoguttatus",595.14943,1,4659.21775
"2022-05_PtCloates_BOSS","269","Carangidae","Carangoides","fulvoguttatus",582.24936,1,3868.15706
"2022-05_PtCloates_BOSS","269","Carangidae","Carangoides","fulvoguttatus",669.53006,1,3482.37426
"2022-05_PtCloates_BOSS","269","Carangidae","Carangoides","fulvoguttatus",726.04283,1,4099.59228
"2022-05_PtCloates_BOSS","269","Carangidae","Carangoides","fulvoguttatus",636.71692,1,4133.57
"2022-05_PtCloates_BOSS","269","Carangidae","Carangoides","fulvoguttatus",697.57256,1,4330.81805
"2022-05_PtCloates_BOSS","153","Lutjanidae","Lutjanus","sebae",591.70807,1,3007.29315
"2022-05_PtCloates_BOSS","B55","Lethrinidae","Gymnocranius","sp1",321.00153,1,3799.61333
"2022-05_PtCloates_BOSS","B55","Lethrinidae","Gymnocranius","sp1",319.07208,1,1563.40163
"2022-05_PtCloates_BOSS","B56","Lethrinidae","Gymnocranius","sp1",398.14635,1,1875.7379
"2022-05_PtCloates_BOSS","241","Lutjanidae","Lutjanus","sebae",533.03223,1,2395.0455
"2022-05_PtCloates_BOSS","241","Lethrinidae","Gymnocranius","euanus",493.54876,1,5215.54257
"2022-05_PtCloates_BOSS","272","Lethrinidae","Lethrinus","miniatus",437.09993,1,2883.98275
"2022-05_PtCloates_BOSS","272","Pinguipedidae","Parapercis","nebulosa",42.34988,1,2415.94078
"2022-05_PtCloates_BOSS","219","Serranidae","Pseudanthias","georgei",95.04599,1,2638.37796
"2022-05_PtCloates_BOSS","274","Lethrinidae","Lethrinus","rubrioperculatus",414.29507,1,2290.4235
"2022-05_PtCloates_BOSS","274","Lethrinidae","Lethrinus","rubrioperculatus",411.97043,1,2272.45288
"2022-05_PtCloates_BOSS","B60","Lethrinidae","Lethrinus","rubrioperculatus",314.75241,1,2605.05818
"2022-05_PtCloates_BOSS","129","Balistidae","Abalistes","stellatus",401.00336,1,1806.98763
"2022-05_PtCloates_BOSS","137","Carangidae","Decapterus","spp",355.87277,1,2953.28067
"2022-05_PtCloates_BOSS","101","Lethrinidae","Gymnocranius","spp",495.16317,1,2919.3643
"2022-05_PtCloates_BOSS","249","Carangidae","Decapterus","spp",323.05193,1,1528.44363
"2022-05_PtCloates_BOSS","249","Pinguipedidae","Parapercis","nebulosa",55.62679,1,2080.6393
"2022-05_PtCloates_BOSS","208","Lutjanidae","Lutjanus","sebae",703.08011,1,1848.78567
"2022-05_PtCloates_BOSS","208","Lethrinidae","Gymnocranius","sp1",339.38255,1,4970.33297
"2022-05_PtCloates_BOSS","208","Lethrinidae","Lethrinus","rubrioperculatus",315.23147,1,4496.92645
"2022-05_PtCloates_BOSS","113","Lethrinidae","Lethrinus","rubrioperculatus",371.73024,1,2337.36592
"2022-05_PtCloates_BOSS","149","Malacanthidae","Malacanthus","brevirostris",55.86132,1,1818.33537
"2022-05_PtCloates_BOSS","243","Nemipteridae","Pentapodus","nagasakiensis",88.23236,1,2070.67065
"2022-05_PtCloates_BOSS","260","Carcharhinidae","Carcharhinus","plumbeus",630.56052,1,3855.98364
"2022-05_PtCloates_BOSS","260","Nemipteridae","Pentapodus","nagasakiensis",77.3837,1,2089.89717
"2022-05_PtCloates_BOSS","220","Nemipteridae","Pentapodus","nagasakiensis",126.80513,1,2878.18362
"2022-05_PtCloates_BOSS","268","Carangidae","Carangoides","chrysophrys",327.44779,1,2486.14727
"2022-05_PtCloates_BOSS","254","Pinguipedidae","Parapercis","nebulosa",91.52662,1,2239.93353
"2022-05_PtCloates_BOSS","257","Lutjanidae","Lutjanus","sebae",591.27376,1,1020.72216
"2022-05_PtCloates_BOSS","258","Lethrinidae","Lethrinus","miniatus",513.79755,1,2859.40861
"2022-05_PtCloates_BOSS","261","Lutjanidae","Lutjanus","sebae",569.3546,1,3463.62752
"2022-05_PtCloates_BOSS","202","Carangidae","Carangoides","chrysophrys",403.95629,1,5412.08001
"2022-05_PtCloates_BOSS","271","Pinguipedidae","Parapercis","nebulosa",118.29846,1,2013.03759
"2022-05_PtCloates_BOSS","273","Lethrinidae","Lethrinus","miniatus",480.30529,1,3014.42217
"2022-05_PtCloates_BOSS","273","Apogonidae","Ostorhinchus","aureus",99.56187,1,1716.07648
"2022-05_PtCloates_BOSS","273","Holocentridae","Sargocentron","rubrum",184.15191,1,1985.6309
"2022-05_PtCloates_BOSS","273","Holocentridae","Sargocentron","rubrum",210.25115,1,1600.44713
"2022-05_PtCloates_BOSS","273","Holocentridae","Sargocentron","rubrum",167.62492,1,2268.56265
"2022-05_PtCloates_BOSS","273","Holocentridae","Sargocentron","rubrum",192.16264,1,1719.30756
"2022-05_PtCloates_BOSS","273","Carangidae","Decapterus","spp",121.45497,1,2024.94643
"2022-05_PtCloates_BOSS","273","Carangidae","Decapterus","spp",162.60282,1,2126.18475
"2022-05_PtCloates_BOSS","273","Chaetodontidae","Heniochus","acuminatus",203.97675,1,2905.07821
"2022-05_PtCloates_BOSS","273","Chaetodontidae","Heniochus","acuminatus",233.76074,1,3132.9286
"2022-05_PtCloates_BOSS","273","Chaetodontidae","Heniochus","acuminatus",220.00891,1,2416.97006
"2022-05_PtCloates_BOSS","267","Cirrhitidae","Cirrhitichthys","aprinus",82.363,1,2239.09981
"2022-05_PtCloates_BOSS","248","Pinguipedidae","Parapercis","nebulosa",NA,1,2480.15799
"2022-05_PtCloates_BOSS","248","Balistidae","Unknown","spp",NA,1,4107.70925
"2022-05_PtCloates_BOSS","248","Lutjanidae","Lutjanus","sebae",NA,1,2129.05146
"2022-05_PtCloates_BOSS","224","Carangidae","Carangoides","gymnostethus",NA,1,5140.76361
"2022-05_PtCloates_BOSS","224","Carangidae","Carangoides","gymnostethus",NA,1,3593.00138
"2022-05_PtCloates_BOSS","224","Carangidae","Carangoides","gymnostethus",NA,1,3990.15778
"2022-05_PtCloates_BOSS","224","Carangidae","Carangoides","gymnostethus",NA,1,3663.43258
"2022-05_PtCloates_BOSS","224","Carangidae","Carangoides","gymnostethus",NA,1,3921.64543
"2022-05_PtCloates_BOSS","224","Carangidae","Carangoides","gymnostethus",NA,1,3644.23727
"2022-05_PtCloates_BOSS","224","Carangidae","Carangoides","gymnostethus",NA,1,3717.94979
"2022-05_PtCloates_BOSS","224","Carangidae","Carangoides","gymnostethus",NA,1,3354.53826
"2022-05_PtCloates_BOSS","224","Carangidae","Carangoides","gymnostethus",NA,1,3382.55377
"2022-05_PtCloates_BOSS","224","Carangidae","Carangoides","gymnostethus",NA,1,4347.69083
"2022-05_PtCloates_BOSS","224","Carangidae","Carangoides","gymnostethus",NA,1,4013.6116
"2022-05_PtCloates_BOSS","224","Carangidae","Carangoides","gymnostethus",NA,1,3477.37817
"2022-05_PtCloates_BOSS","224","Carangidae","Carangoides","gymnostethus",NA,1,2887.02616
"2022-05_PtCloates_BOSS","224","Carangidae","Carangoides","gymnostethus",NA,1,3970.05671
"2022-05_PtCloates_BOSS","224","Carangidae","Carangoides","gymnostethus",NA,1,4199.04442
"2022-05_PtCloates_BOSS","224","Carangidae","Carangoides","gymnostethus",NA,1,3460.88101
"2022-05_PtCloates_BOSS","224","Unknown","Unknown","unknown",NA,1,6671.46475
"2022-05_PtCloates_BOSS","232","Chaetodontidae","Chaetodon","assarius",NA,1,3277.6313
"2022-05_PtCloates_BOSS","232","Serranidae","Pseudanthias","spp",NA,1,3114.07085
"2022-05_PtCloates_BOSS","232","Serranidae","Pseudanthias","spp",NA,1,3106.20346
"2022-05_PtCloates_BOSS","232","Serranidae","Pseudanthias","spp",NA,1,2830.00915
"2022-05_PtCloates_BOSS","232","Cirrhitidae","Paracirrhites","forsteri",NA,1,3151.15463
"2022-05_PtCloates_BOSS","232","Cirrhitidae","Paracirrhites","forsteri",NA,1,2910.75866
"2022-05_PtCloates_BOSS","232","Cirrhitidae","Paracirrhites","forsteri",NA,1,2837.85785
"2022-05_PtCloates_BOSS","232","Labridae","Coris","caudimacula",NA,1,2678.5432
"2022-05_PtCloates_BOSS","232","Pinguipedidae","Parapercis","nebulosa",NA,1,2729.58242
"2022-05_PtCloates_BOSS","211","Serranidae","Pseudanthias","spp",NA,1,3308.28134
"2022-05_PtCloates_BOSS","211","Serranidae","Pseudanthias","spp",NA,1,3550.45709
"2022-05_PtCloates_BOSS","211","Serranidae","Pseudanthias","spp",NA,1,3610.00673
"2022-05_PtCloates_BOSS","211","Serranidae","Pseudanthias","spp",NA,1,3606.66994
"2022-05_PtCloates_BOSS","211","Lethrinidae","Gymnocranius","spp",NA,1,4144.43029
"2022-05_PtCloates_BOSS","226","Lethrinidae","Gymnocranius","spp",NA,1,5356.42255
"2022-05_PtCloates_BOSS","226","SUS","SUS","sus",NA,1,4616.05077
"2022-05_PtCloates_BOSS","203","Nemipteridae","Pentapodus","nagasakiensis",NA,1,4325.91439
"2022-05_PtCloates_BOSS","203","Nemipteridae","Pentapodus","nagasakiensis",NA,1,3227.44629
"2022-05_PtCloates_BOSS","203","Cirrhitidae","Paracirrhites","forsteri",NA,1,7610.07813
"2022-05_PtCloates_BOSS","207","Lethrinidae","Gymnocranius","spp",NA,1,7621.49905
"2022-05_PtCloates_BOSS","207","Lethrinidae","Gymnocranius","spp",NA,1,6213.93093
"2022-05_PtCloates_BOSS","207","Lethrinidae","Gymnocranius","spp",NA,1,4691.25275
"2022-05_PtCloates_BOSS","221","Carangidae","Carangoides","spp",NA,1,5176.13612
"2022-05_PtCloates_BOSS","221","Lethrinidae","Gymnocranius","spp",NA,1,4452.42978
"2022-05_PtCloates_BOSS","221","Lethrinidae","Gymnocranius","spp",NA,1,6492.91316
"2022-05_PtCloates_BOSS","221","Lethrinidae","Gymnocranius","spp",NA,1,6067.45083
"2022-05_PtCloates_BOSS","221","Lethrinidae","Gymnocranius","spp",NA,1,5098.07033
"2022-05_PtCloates_BOSS","221","Lutjanidae","Lutjanus","sebae",NA,1,1013.63591
"2022-05_PtCloates_BOSS","264","Mullidae","Parupeneus","spilurus",NA,1,5419.47536
"2022-05_PtCloates_BOSS","264","Mullidae","Parupeneus","spilurus",NA,1,5717.07956
"2022-05_PtCloates_BOSS","264","Labridae","Bodianus","solatus",NA,1,6927.68862
"2022-05_PtCloates_BOSS","264","Serranidae","Plectropomus","spp",NA,1,6551.03517
"2022-05_PtCloates_BOSS","264","Serranidae","Cephalopholis","spp",NA,1,2834.45949
"2022-05_PtCloates_BOSS","264","Chaetodontidae","Chaetodon","assarius",NA,1,3503.90067
"2022-05_PtCloates_BOSS","264","SUS","SUS","sus",NA,1000,5760.42416
"2022-05_PtCloates_BOSS","264","Chaetodontidae","Heniochus","acuminatus",NA,1,3176.76252
"2022-05_PtCloates_BOSS","264","Mullidae","Parupeneus","cyclostomus",NA,1,4395.1839
"2022-05_PtCloates_BOSS","264","Mullidae","Parupeneus","cyclostomus",NA,1,4176.18066
"2022-05_PtCloates_BOSS","264","Lutjanidae","Lutjanus","sebae",NA,1,2834.36407
"2022-05_PtCloates_BOSS","264","Lutjanidae","Aphareus","rutilans",NA,1,4588.58351
"2022-05_PtCloates_BOSS","262","Pinguipedidae","Parapercis","nebulosa",NA,1,2380.13152
"2022-05_PtCloates_BOSS","262","Balistidae","Xanthichthys","lineopunctatus",NA,1,3187.9682
"2022-05_PtCloates_BOSS","262","Lethrinidae","Gymnocranius","spp",NA,1,6377.40363
"2022-05_PtCloates_BOSS","262","Lethrinidae","Gymnocranius","spp",NA,1,4557.04972
"2022-05_PtCloates_BOSS","262","Chaetodontidae","Heniochus","acuminatus",NA,1,3691.3758
"2022-05_PtCloates_BOSS","262","Chaetodontidae","Heniochus","acuminatus",NA,1,4210.21943
"2022-05_PtCloates_BOSS","265","Lethrinidae","Gymnocranius","spp",NA,1,5746.65435
"2022-05_PtCloates_BOSS","265","Lethrinidae","Gymnocranius","spp",NA,1,4709.64827
"2022-05_PtCloates_BOSS","265","Lethrinidae","Gymnocranius","spp",NA,1,7398.0923
"2022-05_PtCloates_BOSS","265","Lethrinidae","Gymnocranius","spp",NA,1,7983.78116
"2022-05_PtCloates_BOSS","265","Carangidae","Carangoides","chrysophrys",NA,1,3430.54647
"2022-05_PtCloates_BOSS","122","SUS","SUS","sus",NA,1,3151.26988
"2022-05_PtCloates_BOSS","122","SUS","SUS","sus",NA,1,3120.21919
"2022-05_PtCloates_BOSS","122","Carangidae","Carangoides","spp",NA,1,7153.14785
"2022-05_PtCloates_BOSS","122","Carangidae","Carangoides","spp",NA,1,7753.62661
"2022-05_PtCloates_BOSS","122","Carangidae","Carangoides","spp",NA,1,6605.544
"2022-05_PtCloates_BOSS","122","Carangidae","Carangoides","spp",NA,1,8284.4776
"2022-05_PtCloates_BOSS","122","Lutjanidae","Pristipomoides","sp1",NA,1,5555.43366
"2022-05_PtCloates_BOSS","122","Lutjanidae","Pristipomoides","sp1",NA,1,4518.55902
"2022-05_PtCloates_BOSS","122","Lethrinidae","Gymnocranius","spp",NA,1,3873.77346
"2022-05_PtCloates_BOSS","150","Echeneidae","Echeneis","naucrates",NA,1,2657.73822
"2022-05_PtCloates_BOSS","150","Lethrinidae","Gymnocranius","spp",NA,1,3896.54699
"2022-05_PtCloates_BOSS","150","Carangidae","Unknown","na",NA,1,7655.52575
"2022-05_PtCloates_BOSS","150","Carangidae","Unknown","na",NA,1,7631.40686
"2022-05_PtCloates_BOSS","B59","Nemipteridae","Pentapodus","nagasakiensis",NA,1,2666.44624
"2022-05_PtCloates_BOSS","B59","Lethrinidae","Gymnocranius","spp",NA,1,6135.58491
"2022-05_PtCloates_BOSS","B59","SUS","SUS","sus",NA,2,7241.33788
"2022-05_PtCloates_BOSS","147","Lethrinidae","Gymnocranius","spp",NA,1,5029.35429
"2022-05_PtCloates_BOSS","147","Cirrhitidae","Paracirrhites","forsteri",NA,1,1956.98725
"2022-05_PtCloates_BOSS","147","Pinguipedidae","Parapercis","nebulosa",NA,1,2238.2598
"2022-05_PtCloates_BOSS","147","Pinguipedidae","Parapercis","nebulosa",NA,1,2343.15357
"2022-05_PtCloates_BOSS","147","Labridae","Coris","caudimacula",NA,1,3001.91931
"2022-05_PtCloates_BOSS","118","Lethrinidae","Lethrinus","miniatus",NA,1,7318.36023
"2022-05_PtCloates_BOSS","118","Pinguipedidae","Parapercis","nebulosa",NA,1,2917.20357
"2022-05_PtCloates_BOSS","118","SUS","SUS","sus",NA,1,2464.79067
"2022-05_PtCloates_BOSS","118","SUS","SUS","sus",NA,1,2653.1908
"2022-05_PtCloates_BOSS","118","SUS","SUS","sus",NA,1,2576.26016
"2022-05_PtCloates_BOSS","136","Lethrinidae","Gymnocranius","spp",NA,1,3382.1665
"2022-05_PtCloates_BOSS","136","SUS","SUS","sus",NA,1,6523.45062
"2022-05_PtCloates_BOSS","136","Serranidae","Pseudanthias","georgei",NA,1,4708.4609
"2022-05_PtCloates_BOSS","136","Serranidae","Pseudanthias","georgei",NA,1,4180.47592
"2022-05_PtCloates_BOSS","136","Serranidae","Pseudanthias","georgei",NA,1,2126.05407
"2022-05_PtCloates_BOSS","136","Serranidae","Pseudanthias","georgei",NA,1,1986.09916
"2022-05_PtCloates_BOSS","136","Carangidae","Decapterus","spp",NA,1,3851.54984
"2022-05_PtCloates_BOSS","136","Carangidae","Decapterus","spp",NA,1,4549.26569
"2022-05_PtCloates_BOSS","136","Lutjanidae","Pristipomoides","sp1",NA,1,5255.72922
"2022-05_PtCloates_BOSS","136","Pinguipedidae","Parapercis","nebulosa",NA,1,2702.34498
"2022-05_PtCloates_BOSS","136","Pinguipedidae","Parapercis","nebulosa",NA,1,2194.41946
"2022-05_PtCloates_BOSS","B62","Cirrhitidae","Paracirrhites","forsteri",NA,1,2913.82626
"2022-05_PtCloates_BOSS","B64","Lethrinidae","Lethrinus","miniatus",NA,1,5205.3012
"2022-05_PtCloates_BOSS","B64","Acanthuridae","Naso","fageni",NA,1,5094.52917
"2022-05_PtCloates_BOSS","B64","Pinguipedidae","Parapercis","nebulosa",NA,1,3710.37843
"2022-05_PtCloates_BOSS","112","Labridae","Unknown","na",NA,1,2216.27568
"2022-05_PtCloates_BOSS","141","Lethrinidae","Gymnocranius","spp",NA,1,7513.04107
"2022-05_PtCloates_BOSS","B49","Pinguipedidae","Parapercis","nebulosa",NA,1,3731.66267
"2022-05_PtCloates_BOSS","B49","Pinguipedidae","Parapercis","nebulosa",NA,1,4021.47686
"2022-05_PtCloates_BOSS","B49","Carangidae","Decapterus","spp",NA,1,4471.23557
"2022-05_PtCloates_BOSS","B49","Carangidae","Decapterus","spp",NA,1,5116.56595
"2022-05_PtCloates_BOSS","B49","Cirrhitidae","Paracirrhites","forsteri",NA,1,8178.85396
"2022-05_PtCloates_BOSS","266","Lutjanidae","Pristipomoides","sp1",NA,1,4438.58215
"2022-05_PtCloates_BOSS","266","Lutjanidae","Pristipomoides","sp1",NA,1,4357.30121
"2022-05_PtCloates_BOSS","266","Pinguipedidae","Parapercis","nebulosa",NA,1,3879.43039
"2022-05_PtCloates_BOSS","253","Scombridae","Scomberomorus","spp",NA,1,6745.12275
"2022-05_PtCloates_BOSS","253","Lethrinidae","Lethrinus","miniatus",NA,1,6174.8567
"2022-05_PtCloates_BOSS","253","Pinguipedidae","Parapercis","nebulosa",NA,1,2793.07127
"2022-05_PtCloates_BOSS","253","Pinguipedidae","Parapercis","nebulosa",NA,1,2283.95423
"2022-05_PtCloates_BOSS","253","Pinguipedidae","Parapercis","nebulosa",NA,1,2283.67607
"2022-05_PtCloates_BOSS","270","Serranidae","Pseudanthias","georgei",NA,1,2405.05463
"2022-05_PtCloates_BOSS","270","Carangidae","Carangoides","spp",NA,1,7991.93157
"2022-05_PtCloates_BOSS","270","Carangidae","Carangoides","spp",NA,1,6710.67142
"2022-05_PtCloates_BOSS","270","Carangidae","Carangoides","spp",NA,1,6264.3525
"2022-05_PtCloates_BOSS","270","Carangidae","Carangoides","spp",NA,1,3078.97078
"2022-05_PtCloates_BOSS","270","Unknown","Unknown","unknown",NA,1,2810.49803
"2022-05_PtCloates_BOSS","270","Unknown","Unknown","unknown",NA,1,2828.24503
"2022-05_PtCloates_BOSS","270","Apogonidae","Pristiapogon","spp",NA,1000,2119.74417
"2022-05_PtCloates_BOSS","270","Chaetodontidae","Heniochus","acuminatus",NA,1,5227.94952
"2022-05_PtCloates_BOSS","270","Chaetodontidae","Heniochus","acuminatus",NA,1,5185.04412
"2022-05_PtCloates_BOSS","270","Chaetodontidae","Heniochus","acuminatus",NA,1,4295.57997
"2022-05_PtCloates_BOSS","270","Chaetodontidae","Heniochus","acuminatus",NA,1,2978.08693
"2022-05_PtCloates_BOSS","270","Synodontidae","Synodus","spp",NA,1,1146.46204
"2022-05_PtCloates_BOSS","270","Lethrinidae","Lethrinus","miniatus",NA,1,5315.08543
"2022-05_PtCloates_BOSS","270","Labridae","Bodianus","solatus",NA,1,4770.83777
"2022-05_PtCloates_BOSS","270","Labridae","Bodianus","solatus",NA,1,6230.30196
"2022-05_PtCloates_BOSS","270","Serranidae","Epinephelus","multinotatus",NA,1,6684.09257
"2022-05_PtCloates_BOSS","270","Blenniidae","Unknown","spp",NA,1,1641.08562
"2022-05_PtCloates_BOSS","270","Scombridae","Scomberomorus","spp",NA,1,6660.48883
"2022-05_PtCloates_BOSS","201","SUS","SUS","sus",NA,1,2594.62062
"2022-05_PtCloates_BOSS","201","Cirrhitidae","Paracirrhites","forsteri",NA,1,3717.0587
"2022-05_PtCloates_BOSS","201","Labridae","Labroides","dimidiatus",NA,1,2336.18131
"2022-05_PtCloates_BOSS","201","Chaetodontidae","Heniochus","acuminatus",NA,1,5571.15222
"2022-05_PtCloates_BOSS","201","Chaetodontidae","Heniochus","acuminatus",NA,1,4003.94152
"2022-05_PtCloates_BOSS","201","Serranidae","Epinephelus","multinotatus",NA,1,3579.22695
"2022-05_PtCloates_BOSS","201","Serranidae","Pseudanthias","georgei",NA,1,1756.80236
"2022-05_PtCloates_BOSS","201","Serranidae","Pseudanthias","georgei",NA,1,2398.58329
"2022-05_PtCloates_BOSS","201","Serranidae","Pseudanthias","georgei",NA,1,2801.43359
"2022-05_PtCloates_BOSS","201","Serranidae","Pseudanthias","georgei",NA,1,1961.2283
"2022-05_PtCloates_BOSS","201","Serranidae","Pseudanthias","georgei",NA,1,3107.98996
"2022-05_PtCloates_BOSS","201","Serranidae","Pseudanthias","georgei",NA,1,2630.33508
"2022-05_PtCloates_BOSS","201","Serranidae","Pseudanthias","georgei",NA,1,3066.58235
"2022-05_PtCloates_BOSS","237","SUS","SUS","sus",NA,1,2241.57817
"2022-05_PtCloates_BOSS","240","Unknown","Unknown","unknown",NA,1,4606.99274
"2022-05_PtCloates_BOSS","240","Lutjanidae","Pristipomoides","sp1",NA,1,3503.79045
"2022-05_PtCloates_BOSS","B54.2","Carangidae","Carangoides","fulvoguttatus",NA,1,4231.68382
"2022-05_PtCloates_BOSS","B54.2","Carangidae","Carangoides","fulvoguttatus",NA,1,5067.04812
"2022-05_PtCloates_BOSS","B54.2","Carangidae","Carangoides","fulvoguttatus",NA,1,6788.57768
"2022-05_PtCloates_BOSS","B54.2","Carangidae","Carangoides","fulvoguttatus",NA,1,6649.93497
"2022-05_PtCloates_BOSS","B54.2","Carangidae","Carangoides","fulvoguttatus",NA,1,7717.96415
"2022-05_PtCloates_BOSS","B54.2","Carangidae","Carangoides","fulvoguttatus",NA,1,7943.33695
"2022-05_PtCloates_BOSS","B54.2","Carangidae","Carangoides","fulvoguttatus",NA,1,7195.84072
"2022-05_PtCloates_BOSS","B54.2","Carangidae","Carangoides","fulvoguttatus",NA,1,4572.37675
"2022-05_PtCloates_BOSS","B54.2","Carangidae","Carangoides","fulvoguttatus",NA,1,4765.67371
"2022-05_PtCloates_BOSS","B54.2","Carangidae","Carangoides","fulvoguttatus",NA,1,5415.94138
"2022-05_PtCloates_BOSS","B54.2","Carangidae","Carangoides","fulvoguttatus",NA,1,5502.76877
"2022-05_PtCloates_BOSS","B54.2","Carangidae","Carangoides","fulvoguttatus",NA,1,7879.62285
"2022-05_PtCloates_BOSS","B54.2","Carangidae","Carangoides","fulvoguttatus",NA,1,7448.32053
"2022-05_PtCloates_BOSS","B54.2","Carangidae","Carangoides","fulvoguttatus",NA,1,6942.92488
"2022-05_PtCloates_BOSS","B54.2","Carangidae","Carangoides","fulvoguttatus",NA,1,6331.99709
"2022-05_PtCloates_BOSS","B54.2","Carangidae","Carangoides","fulvoguttatus",NA,1,6627.10945
"2022-05_PtCloates_BOSS","B54.2","Carangidae","Carangoides","fulvoguttatus",NA,1,7338.36758
"2022-05_PtCloates_BOSS","B54.2","Carangidae","Carangoides","fulvoguttatus",NA,1,6776.97752
"2022-05_PtCloates_BOSS","B54.2","Carangidae","Carangoides","fulvoguttatus",NA,1,7705.46175
"2022-05_PtCloates_BOSS","B54.2","Carangidae","Carangoides","fulvoguttatus",NA,1,7175.51728
"2022-05_PtCloates_BOSS","B54.2","Carangidae","Carangoides","fulvoguttatus",NA,1,7456.77061
"2022-05_PtCloates_BOSS","B54.2","Carangidae","Carangoides","fulvoguttatus",NA,1,7189.54596
"2022-05_PtCloates_BOSS","B54.2","Carangidae","Carangoides","fulvoguttatus",NA,1,7210.38494
"2022-05_PtCloates_BOSS","B54.2","Carangidae","Carangoides","fulvoguttatus",NA,1,7044.85097
"2022-05_PtCloates_BOSS","B54.2","Carangidae","Carangoides","fulvoguttatus",NA,1,6872.08251
"2022-05_PtCloates_BOSS","B54.2","Carangidae","Carangoides","fulvoguttatus",NA,1,7973.48143
"2022-05_PtCloates_BOSS","B54.2","Carangidae","Carangoides","fulvoguttatus",NA,1,6827.00808
"2022-05_PtCloates_BOSS","B54.2","Carangidae","Carangoides","fulvoguttatus",NA,1,6748.21012
"2022-05_PtCloates_BOSS","B54.2","Carangidae","Carangoides","fulvoguttatus",NA,1,7487.80867
"2022-05_PtCloates_BOSS","B54.2","Carangidae","Carangoides","fulvoguttatus",NA,1,7968.24888
"2022-05_PtCloates_BOSS","B54.2","Carangidae","Carangoides","fulvoguttatus",NA,1,6581.89437
"2022-05_PtCloates_BOSS","B54.2","Cirrhitidae","Paracirrhites","forsteri",NA,1,3571.77622
"2022-05_PtCloates_BOSS","B54.2","SUS","SUS","sus",NA,1,3472.57805
"2022-05_PtCloates_BOSS","B52","Lutjanidae","Aphareus","rutilans",NA,1,5197.60096
"2022-05_PtCloates_BOSS","B52","Carangidae","Seriola","dumerili",NA,1,5424.32758
"2022-05_PtCloates_BOSS","B52","Carangidae","Seriola","dumerili",NA,1,4918.76736
"2022-05_PtCloates_BOSS","B52","Carangidae","Seriola","dumerili",NA,1,5806.06376
"2022-05_PtCloates_BOSS","B52","Carangidae","Seriola","dumerili",NA,1,7731.74896
"2022-05_PtCloates_BOSS","B52","Carangidae","Seriola","dumerili",NA,1,5886.32331
"2022-05_PtCloates_BOSS","B52","Carangidae","Seriola","dumerili",NA,1,5898.78177
"2022-05_PtCloates_BOSS","B52","Carangidae","Seriola","dumerili",NA,1,5502.94777
"2022-05_PtCloates_BOSS","B52","Carangidae","Seriola","dumerili",NA,1,6225.31962
"2022-05_PtCloates_BOSS","B52","Carangidae","Seriola","dumerili",NA,1,5258.20653
"2022-05_PtCloates_BOSS","B52","Carangidae","Seriola","dumerili",NA,1,4849.41423
"2022-05_PtCloates_BOSS","B52","Carangidae","Seriola","dumerili",NA,1,4677.40246
"2022-05_PtCloates_BOSS","B52","Carangidae","Carangoides","chrysophrys",NA,1,7624.56999
"2022-05_PtCloates_BOSS","B52","Carangidae","Carangoides","chrysophrys",NA,1,7561.84303
"2022-05_PtCloates_BOSS","B52","Lethrinidae","Gymnocranius","spp",NA,1,5787.99599
"2022-05_PtCloates_BOSS","B52","Lethrinidae","Lethrinus","miniatus",NA,1,5216.28611
"2022-05_PtCloates_BOSS","132","Lethrinidae","Gymnocranius","spp",NA,1,5270.77709
"2022-05_PtCloates_BOSS","105","Pinguipedidae","Parapercis","nebulosa",NA,1,2495.80269
"2022-05_PtCloates_BOSS","105","Pinguipedidae","Parapercis","nebulosa",NA,1,3279.68044
"2022-05_PtCloates_BOSS","105","Lutjanidae","Lutjanus","sebae",NA,1,3012.17846
"2022-05_PtCloates_BOSS","105","Nemipteridae","Pentapodus","nagasakiensis",NA,1,2569.8338
"2022-05_PtCloates_BOSS","255","Pinguipedidae","Parapercis","nebulosa",NA,1,2048.50681
"2022-05_PtCloates_BOSS","216","Pinguipedidae","Parapercis","nebulosa",NA,1,2632.7979
"2022-05_PtCloates_BOSS","216","Pinguipedidae","Parapercis","nebulosa",NA,1,2868.73445
"2022-05_PtCloates_BOSS","216","Pinguipedidae","Parapercis","nebulosa",NA,1,3058.92836
"2022-05_PtCloates_BOSS","216","SUS","SUS","sus",NA,1,2882.36706
"2022-05_PtCloates_BOSS","216","Carangidae","Carangoides","fulvoguttatus",NA,1,5568.56515
"2022-05_PtCloates_BOSS","216","Carangidae","Carangoides","fulvoguttatus",NA,1,4950.80933
"2022-05_PtCloates_BOSS","269","Echeneidae","Echeneis","naucrates",NA,1,3876.84543
"2022-05_PtCloates_BOSS","269","Carangidae","Gnathanodon","speciosus",NA,1,3747.95857
"2022-05_PtCloates_BOSS","269","Carangidae","Carangoides","fulvoguttatus",NA,1,2805.36793
"2022-05_PtCloates_BOSS","269","Carangidae","Carangoides","fulvoguttatus",NA,1,3361.65294
"2022-05_PtCloates_BOSS","269","Carangidae","Carangoides","fulvoguttatus",NA,1,3637.63037
"2022-05_PtCloates_BOSS","269","Carangidae","Carangoides","fulvoguttatus",NA,1,3928.06159
"2022-05_PtCloates_BOSS","269","Carangidae","Carangoides","fulvoguttatus",NA,1,3906.73719
"2022-05_PtCloates_BOSS","269","Carangidae","Carangoides","fulvoguttatus",NA,1,4068.55065
"2022-05_PtCloates_BOSS","269","Carangidae","Carangoides","fulvoguttatus",NA,1,3680.0368
"2022-05_PtCloates_BOSS","269","Carangidae","Carangoides","fulvoguttatus",NA,1,5061.05753
"2022-05_PtCloates_BOSS","269","Carangidae","Carangoides","fulvoguttatus",NA,1,5374.69499
"2022-05_PtCloates_BOSS","269","Carangidae","Carangoides","fulvoguttatus",NA,1,2524.378
"2022-05_PtCloates_BOSS","269","Carangidae","Carangoides","fulvoguttatus",NA,1,2161.66589
"2022-05_PtCloates_BOSS","269","Carangidae","Carangoides","fulvoguttatus",NA,1,3807.79594
"2022-05_PtCloates_BOSS","269","Carangidae","Carangoides","fulvoguttatus",NA,1,5442.50853
"2022-05_PtCloates_BOSS","269","Carangidae","Carangoides","fulvoguttatus",NA,1,4533.22619
"2022-05_PtCloates_BOSS","269","Carangidae","Carangoides","fulvoguttatus",NA,1,3455.06579
"2022-05_PtCloates_BOSS","269","Carangidae","Carangoides","fulvoguttatus",NA,1,3188.90337
"2022-05_PtCloates_BOSS","269","Carangidae","Carangoides","fulvoguttatus",NA,1,3995.18932
"2022-05_PtCloates_BOSS","269","Carangidae","Carangoides","fulvoguttatus",NA,1,3634.40484
"2022-05_PtCloates_BOSS","269","Carangidae","Carangoides","fulvoguttatus",NA,1,4639.44798
"2022-05_PtCloates_BOSS","269","Carangidae","Carangoides","fulvoguttatus",NA,1,3879.08835
"2022-05_PtCloates_BOSS","269","Carangidae","Carangoides","fulvoguttatus",NA,1,4122.56074
"2022-05_PtCloates_BOSS","269","Carangidae","Carangoides","fulvoguttatus",NA,1,2529.29743
"2022-05_PtCloates_BOSS","269","Carangidae","Carangoides","fulvoguttatus",NA,1,4432.0214
"2022-05_PtCloates_BOSS","269","Carangidae","Carangoides","fulvoguttatus",NA,1,4762.66494
"2022-05_PtCloates_BOSS","269","Carangidae","Carangoides","fulvoguttatus",NA,1,4446.85937
"2022-05_PtCloates_BOSS","269","Carangidae","Carangoides","fulvoguttatus",NA,1,4243.26352
"2022-05_PtCloates_BOSS","269","Carangidae","Carangoides","fulvoguttatus",NA,1,4407.0747
"2022-05_PtCloates_BOSS","269","Carangidae","Carangoides","fulvoguttatus",NA,1,4430.55727
"2022-05_PtCloates_BOSS","269","Carangidae","Carangoides","fulvoguttatus",NA,1,4307.72802
"2022-05_PtCloates_BOSS","269","Carangidae","Carangoides","fulvoguttatus",NA,1,4832.49553
"2022-05_PtCloates_BOSS","269","Carangidae","Carangoides","fulvoguttatus",NA,1,4820.2387
"2022-05_PtCloates_BOSS","269","Carangidae","Carangoides","fulvoguttatus",NA,1,4609.55901
"2022-05_PtCloates_BOSS","269","Carangidae","Carangoides","fulvoguttatus",NA,1,4310.53778
"2022-05_PtCloates_BOSS","153","Echeneidae","Echeneis","naucrates",NA,1,1616.67033
"2022-05_PtCloates_BOSS","B55","Lethrinidae","Gymnocranius","sp1",NA,1,2256.78655
"2022-05_PtCloates_BOSS","B55","Lethrinidae","Lethrinus","miniatus",NA,1,3391.75025
"2022-05_PtCloates_BOSS","B56","Lethrinidae","Lethrinus","miniatus",NA,1,1261.48385
"2022-05_PtCloates_BOSS","B56","Lethrinidae","Lethrinus","rubrioperculatus",NA,1,3290.78814
"2022-05_PtCloates_BOSS","B56","Lethrinidae","Gymnocranius","sp1",NA,1,5148.9009
"2022-05_PtCloates_BOSS","B56","SUS","SUS","sus",NA,1,2911.79486
"2022-05_PtCloates_BOSS","B56","Pomacanthidae","Pomacanthus","semicirculatus",NA,1,7774.88646
"2022-05_PtCloates_BOSS","241","Lutjanidae","Pristipomoides","typus",NA,1,5929.52601
"2022-05_PtCloates_BOSS","241","Lutjanidae","Pristipomoides","typus",NA,1,7455.0103
"2022-05_PtCloates_BOSS","272","Pinguipedidae","Parapercis","nebulosa",NA,1,2842.85459
"2022-05_PtCloates_BOSS","272","Pinguipedidae","Parapercis","nebulosa",NA,1,3213.22342
"2022-05_PtCloates_BOSS","244","Pinguipedidae","Parapercis","nebulosa",NA,1,1870.85517
"2022-05_PtCloates_BOSS","244","Pinguipedidae","Parapercis","nebulosa",NA,1,2320.07351
"2022-05_PtCloates_BOSS","219","Pinguipedidae","Parapercis","nebulosa",NA,1,3310.34822
"2022-05_PtCloates_BOSS","219","Pinguipedidae","Parapercis","nebulosa",NA,1,2992.47774
"2022-05_PtCloates_BOSS","219","Labridae","Labroides","dimidiatus",NA,1,5215.79492
"2022-05_PtCloates_BOSS","219","Serranidae","Pseudanthias","georgei",NA,1,2978.48724
"2022-05_PtCloates_BOSS","219","Serranidae","Pseudanthias","georgei",NA,1,3868.05445
"2022-05_PtCloates_BOSS","219","Serranidae","Pseudanthias","georgei",NA,1,6365.99904
"2022-05_PtCloates_BOSS","219","Serranidae","Pseudanthias","georgei",NA,1,7297.10334
"2022-05_PtCloates_BOSS","219","Serranidae","Pseudanthias","georgei",NA,1,9696.43935
"2022-05_PtCloates_BOSS","259","Pinguipedidae","Parapercis","nebulosa",NA,1,2338.17194
"2022-05_PtCloates_BOSS","259","Unknown","Unknown","unknown",NA,1,6592.81562
"2022-05_PtCloates_BOSS","259","Serranidae","Unknown","spp",NA,1,3747.54086
"2022-05_PtCloates_BOSS","259","Carangidae","Carangoides","chrysophrys",NA,1,4748.59758
"2022-05_PtCloates_BOSS","259","Carangidae","Carangoides","chrysophrys",NA,1,4576.11783
"2022-05_PtCloates_BOSS","274","Mullidae","Unknown","spp",NA,1,4764.39809
"2022-05_PtCloates_BOSS","274","Lethrinidae","Lethrinus","miniatus",NA,1,1243.90144
"2022-05_PtCloates_BOSS","274","Nemipteridae","Pentapodus","nagasakiensis",NA,1,3340.62701
"2022-05_PtCloates_BOSS","274","Nemipteridae","Pentapodus","nagasakiensis",NA,1,1903.98577
"2022-05_PtCloates_BOSS","274","Labridae","Bodianus","solatus",NA,1,3650.10712
"2022-05_PtCloates_BOSS","214","Pinguipedidae","Parapercis","nebulosa",NA,1,1938.87499
"2022-05_PtCloates_BOSS","256","Pomacanthidae","Pomacanthus","semicirculatus",NA,1,5124.7712
"2022-05_PtCloates_BOSS","256","Balistidae","Xanthichthys","lineopunctatus",NA,1,1475.55134
"2022-05_PtCloates_BOSS","256","Pinguipedidae","Parapercis","nebulosa",NA,1,3762.94626
"2022-05_PtCloates_BOSS","233","SUS","SUS","sus",NA,1,2881.41433
"2022-05_PtCloates_BOSS","251","Pinguipedidae","Parapercis","nebulosa",NA,1,3238.76748
"2022-05_PtCloates_BOSS","251","Labridae","Unknown","spp",NA,1,1939.28137
"2022-05_PtCloates_BOSS","212","Nemipteridae","Pentapodus","nagasakiensis",NA,1,2717.1025
"2022-05_PtCloates_BOSS","212","Pomacentridae","Amblypomacentrus","breviceps",NA,1,3222.22054
"2022-05_PtCloates_BOSS","212","Labridae","Coris","caudimacula",NA,1,2548.30997
"2022-05_PtCloates_BOSS","B60","Labridae","Unknown","spp",NA,1,2069.39427
"2022-05_PtCloates_BOSS","B60","Lethrinidae","Gymnocranius","spp",NA,1,4682.06913
"2022-05_PtCloates_BOSS","B60","Lethrinidae","Gymnocranius","spp",NA,1,6029.27068
"2022-05_PtCloates_BOSS","125","Carcharhinidae","Carcharhinus","albimarginatus",NA,1,3705.12735
"2022-05_PtCloates_BOSS","125","Echeneidae","Echeneis","naucrates",NA,1,3133.22989
"2022-05_PtCloates_BOSS","144","Carangidae","Carangoides","chrysophrys",NA,1,4146.08703
"2022-05_PtCloates_BOSS","144","Carangidae","Carangoides","chrysophrys",NA,1,4229.43911
"2022-05_PtCloates_BOSS","144","Carangidae","Carangoides","chrysophrys",NA,1,4255.44054
"2022-05_PtCloates_BOSS","144","Carangidae","Carangoides","chrysophrys",NA,1,5014.67982
"2022-05_PtCloates_BOSS","144","Carangidae","Carangoides","chrysophrys",NA,1,4063.30866
"2022-05_PtCloates_BOSS","144","Carangidae","Carangoides","chrysophrys",NA,1,3957.75357
"2022-05_PtCloates_BOSS","144","Carangidae","Carangoides","chrysophrys",NA,1,4165.49289
"2022-05_PtCloates_BOSS","144","Carangidae","Carangoides","chrysophrys",NA,1,3994.19513
"2022-05_PtCloates_BOSS","144","Carangidae","Carangoides","chrysophrys",NA,1,5162.29622
"2022-05_PtCloates_BOSS","144","Carangidae","Carangoides","chrysophrys",NA,1,4414.99256
"2022-05_PtCloates_BOSS","144","Carangidae","Carangoides","chrysophrys",NA,1,4373.91056
"2022-05_PtCloates_BOSS","144","Carangidae","Carangoides","chrysophrys",NA,1,6054.14586
"2022-05_PtCloates_BOSS","144","Carangidae","Carangoides","chrysophrys",NA,1,5121.44826
"2022-05_PtCloates_BOSS","144","Carangidae","Carangoides","chrysophrys",NA,1,5653.23388
"2022-05_PtCloates_BOSS","144","Carangidae","Carangoides","chrysophrys",NA,1,5138.82682
"2022-05_PtCloates_BOSS","144","Carangidae","Carangoides","chrysophrys",NA,1,4436.44993
"2022-05_PtCloates_BOSS","144","Carangidae","Carangoides","chrysophrys",NA,1,4506.04219
"2022-05_PtCloates_BOSS","144","Carangidae","Carangoides","chrysophrys",NA,1,5652.67726
"2022-05_PtCloates_BOSS","144","Carangidae","Carangoides","chrysophrys",NA,14,2759.95561
"2022-05_PtCloates_BOSS","144","Carangidae","Decapterus","spp",NA,1,4451.79556
"2022-05_PtCloates_BOSS","144","Carangidae","Decapterus","spp",NA,1,5607.78643
"2022-05_PtCloates_BOSS","131","Carangidae","Decapterus","spp",NA,1,3000.10801
"2022-05_PtCloates_BOSS","131","Carangidae","Carangoides","spp",NA,1,3222.40749
"2022-05_PtCloates_BOSS","148","Carcharhinidae","Carcharhinus","spp",NA,1,5595.41097
"2022-05_PtCloates_BOSS","148","Scombridae","Scomberomorus","spp",NA,1,7319.65212
"2022-05_PtCloates_BOSS","121","Carangidae","Decapterus","spp",NA,1,3720.79489
"2022-05_PtCloates_BOSS","110","Carangidae","Decapterus","spp",NA,1,3582.34308
"2022-05_PtCloates_BOSS","110","Carangidae","Decapterus","spp",NA,1,4544.4563
"2022-05_PtCloates_BOSS","139","Lutjanidae","Pristipomoides","spp",NA,1,5456.60069
"2022-05_PtCloates_BOSS","139","Carcharhinidae","Carcharhinus","spp",NA,1,1417.06213
"2022-05_PtCloates_BOSS","130","SUS","SUS","sus",NA,1,3580.64599
"2022-05_PtCloates_BOSS","137","Carangidae","Decapterus","spp",NA,1,4648.19143
"2022-05_PtCloates_BOSS","137","Carangidae","Decapterus","spp",NA,1,4328.06935
"2022-05_PtCloates_BOSS","107","Nemipteridae","Pentapodus","nagasakiensis",NA,1,1732.20019
"2022-05_PtCloates_BOSS","101","Unknown","Unknown","unknown",NA,1,7921.71558
"2022-05_PtCloates_BOSS","155","SUS","SUS","sus",NA,1,2016.83076
"2022-05_PtCloates_BOSS","B58","Carangidae","Unknown","spp",NA,1,5845.59034
"2022-05_PtCloates_BOSS","218","Pinguipedidae","Parapercis","nebulosa",NA,1,3201.56077
"2022-05_PtCloates_BOSS","218","Pinguipedidae","Parapercis","nebulosa",NA,1,3203.81115
"2022-05_PtCloates_BOSS","208","Carangidae","Carangoides","fulvoguttatus",NA,1,6935.31037
"2022-05_PtCloates_BOSS","208","Carangidae","Carangoides","fulvoguttatus",NA,1,7578.65564
"2022-05_PtCloates_BOSS","208","Carangidae","Carangoides","fulvoguttatus",NA,1,6832.65902
"2022-05_PtCloates_BOSS","208","Lethrinidae","Lethrinus","miniatus",NA,1,3091.99917
"2022-05_PtCloates_BOSS","208","Lethrinidae","Lethrinus","miniatus",NA,1,6689.83978
"2022-05_PtCloates_BOSS","113","Tetraodontidae","Lagocephalus","sceleratus",NA,1,3661.99768
"2022-05_PtCloates_BOSS","149","Unknown","Unknown","unknown",NA,1,7029.10449
"2022-05_PtCloates_BOSS","228","Carangidae","Decapterus","spp",NA,1,3601.25274
"2022-05_PtCloates_BOSS","228","SUS","SUS","sus",NA,1,7737.08003
"2022-05_PtCloates_BOSS","217","SUS","SUS","sus",NA,1,7724.66494
"2022-05_PtCloates_BOSS","217","SUS","SUS","sus",NA,1,7549.22555
"2022-05_PtCloates_BOSS","217","Pinguipedidae","Parapercis","nebulosa",NA,1,3766.80415
"2022-05_PtCloates_BOSS","223","Carangidae","Carangoides","spp",NA,1,6432.36073
"2022-05_PtCloates_BOSS","260","Carcharhinidae","Carcharhinus","plumbeus",NA,1,3072.46899
"2022-05_PtCloates_BOSS","260","SUS","SUS","sus",NA,1,2235.55326
"2022-05_PtCloates_BOSS","225","Balistidae","Xanthichthys","lineopunctatus",NA,1,1728.08644
"2022-05_PtCloates_BOSS","225","Nemipteridae","Pentapodus","nagasakiensis",NA,1,3063.10407
"2022-05_PtCloates_BOSS","268","Carangidae","Decapterus","spp",NA,1,2958.58589
"2022-05_PtCloates_BOSS","268","Carangidae","Decapterus","spp",NA,1,3594.93641
"2022-05_PtCloates_BOSS","254","SUS","SUS","sus",NA,1,4506.70503
"2022-05_PtCloates_BOSS","254","SUS","SUS","sus",NA,1,2860.87624
"2022-05_PtCloates_BOSS","242","Labridae","Suezichthys","cyanolaemus",NA,1,1823.01869
"2022-05_PtCloates_BOSS","242","SUS","SUS","sus",NA,1,3078.2519
"2022-05_PtCloates_BOSS","242","Chaetodontidae","Heniochus","acuminatus",NA,1,5462.70605
"2022-05_PtCloates_BOSS","242","Chaetodontidae","Heniochus","acuminatus",NA,1,4904.56799
"2022-05_PtCloates_BOSS","257","Pinguipedidae","Parapercis","nebulosa",NA,1,2648.58504
"2022-05_PtCloates_BOSS","257","Unknown","Unknown","unknown",NA,1,6651.04046
"2022-05_PtCloates_BOSS","257","Unknown","Unknown","unknown",NA,1,8941.2403
"2022-05_PtCloates_BOSS","257","Carangidae","Carangoides","spp",NA,1,6706.02765
"2022-05_PtCloates_BOSS","250","Pinguipedidae","Parapercis","nebulosa",NA,1,2617.8721
"2022-05_PtCloates_BOSS","258","Chaetodontidae","Heniochus","acuminatus",NA,1,7317.2796
"2022-05_PtCloates_BOSS","258","Chaetodontidae","Heniochus","acuminatus",NA,1,6878.28608
"2022-05_PtCloates_BOSS","258","Unknown","Unknown","unknown",NA,1,3159.76619
"2022-05_PtCloates_BOSS","234","Pinguipedidae","Parapercis","nebulosa",NA,1,3303.40216
"2022-05_PtCloates_BOSS","213","Carangidae","Carangoides","spp",NA,1,5416.90158
"2022-05_PtCloates_BOSS","213","Carangidae","Decapterus","spp",NA,1,5998.64769
"2022-05_PtCloates_BOSS","213","Pinguipedidae","Parapercis","nebulosa",NA,1,2338.28281
"2022-05_PtCloates_BOSS","213","Pinguipedidae","Parapercis","nebulosa",NA,1,2129.48496
"2022-05_PtCloates_BOSS","204","Lethrinidae","Gymnocranius","sp1",NA,1,3223.11446
"2022-05_PtCloates_BOSS","261","SUS","SUS","sus",NA,1,4240.23642
"2022-05_PtCloates_BOSS","261","SUS","SUS","sus",NA,1,3899.82243
"2022-05_PtCloates_BOSS","261","SUS","SUS","sus",NA,1,3943.66461
"2022-05_PtCloates_BOSS","261","SUS","SUS","sus",NA,1,4025.50733
"2022-05_PtCloates_BOSS","210","Unknown","Unknown","unknown",NA,1,5054.51864
"2022-05_PtCloates_BOSS","271","Pinguipedidae","Parapercis","nebulosa",NA,1,2880.37698
"2022-05_PtCloates_BOSS","271","Pinguipedidae","Parapercis","nebulosa",NA,1,4726.88298
"2022-05_PtCloates_BOSS","271","Pinguipedidae","Parapercis","nebulosa",NA,1,3046.96495
"2022-05_PtCloates_BOSS","271","Pinguipedidae","Parapercis","nebulosa",NA,1,3048.79309
"2022-05_PtCloates_BOSS","271","Pinguipedidae","Parapercis","nebulosa",NA,1,4458.51846
"2022-05_PtCloates_BOSS","273","Apogonidae","Ostorhinchus","semilineatus",NA,1,2914.08351
"2022-05_PtCloates_BOSS","273","Apogonidae","Ostorhinchus","semilineatus",NA,1,2435.02182
"2022-05_PtCloates_BOSS","273","Apogonidae","Ostorhinchus","semilineatus",NA,1,2622.05877
"2022-05_PtCloates_BOSS","273","Apogonidae","Ostorhinchus","semilineatus",NA,1,2187.64727
"2022-05_PtCloates_BOSS","273","Apogonidae","Ostorhinchus","semilineatus",NA,1,2245.13929
"2022-05_PtCloates_BOSS","273","Apogonidae","Ostorhinchus","semilineatus",NA,1,2127.37008
"2022-05_PtCloates_BOSS","273","Apogonidae","Ostorhinchus","semilineatus",NA,1,2141.61523
"2022-05_PtCloates_BOSS","273","Apogonidae","Ostorhinchus","semilineatus",NA,1,2181.46132
"2022-05_PtCloates_BOSS","273","Apogonidae","Ostorhinchus","semilineatus",NA,1,2272.24609
"2022-05_PtCloates_BOSS","273","Apogonidae","Ostorhinchus","semilineatus",NA,1,2495.73446
"2022-05_PtCloates_BOSS","273","Apogonidae","Ostorhinchus","semilineatus",NA,1,2358.96862
"2022-05_PtCloates_BOSS","273","Apogonidae","Ostorhinchus","semilineatus",NA,1,2393.21869
"2022-05_PtCloates_BOSS","273","Apogonidae","Ostorhinchus","semilineatus",NA,1,2299.24493
"2022-05_PtCloates_BOSS","273","Apogonidae","Ostorhinchus","semilineatus",NA,1,2304.59971
"2022-05_PtCloates_BOSS","273","Malacanthidae","Malacanthus","latovittatus",NA,1,1609.24924
"2022-05_PtCloates_BOSS","273","Balistidae","Sufflamen","fraenatum",NA,1,3838.57348
"2022-05_PtCloates_BOSS","273","Serranidae","Plectropomus","spp",NA,1,2568.70533
"2022-05_PtCloates_BOSS","273","Holocentridae","Sargocentron","rubrum",NA,1,2509.63443
"2022-05_PtCloates_BOSS","273","Holocentridae","Sargocentron","rubrum",NA,1,3067.67755
"2022-05_PtCloates_BOSS","273","Holocentridae","Sargocentron","rubrum",NA,1,3062.87538
"2022-05_PtCloates_BOSS","273","Holocentridae","Sargocentron","rubrum",NA,1,2812.5114
"2022-05_PtCloates_BOSS","273","Holocentridae","Sargocentron","rubrum",NA,1,3186.22935
"2022-05_PtCloates_BOSS","273","Holocentridae","Sargocentron","rubrum",NA,1,2771.55806
"2022-05_PtCloates_BOSS","273","Holocentridae","Sargocentron","rubrum",NA,1,3353.8691
"2022-05_PtCloates_BOSS","273","Holocentridae","Sargocentron","rubrum",NA,1,2807.05223
"2022-05_PtCloates_BOSS","273","Holocentridae","Sargocentron","rubrum",NA,1,3381.4188
"2022-05_PtCloates_BOSS","273","Holocentridae","Sargocentron","rubrum",NA,1,2735.40759
"2022-05_PtCloates_BOSS","273","Holocentridae","Sargocentron","rubrum",NA,1,3018.73625
"2022-05_PtCloates_BOSS","273","Holocentridae","Sargocentron","rubrum",NA,1,2676.12419
"2022-05_PtCloates_BOSS","273","Holocentridae","Sargocentron","rubrum",NA,1,3336.88988
"2022-05_PtCloates_BOSS","273","Holocentridae","Sargocentron","rubrum",NA,1,2916.88805
"2022-05_PtCloates_BOSS","273","Holocentridae","Sargocentron","rubrum",NA,1,2844.16324
"2022-05_PtCloates_BOSS","273","Holocentridae","Sargocentron","rubrum",NA,1,2855.34464
"2022-05_PtCloates_BOSS","273","Holocentridae","Sargocentron","rubrum",NA,1,3473.34974
"2022-05_PtCloates_BOSS","273","Holocentridae","Sargocentron","rubrum",NA,1,2619.72028
"2022-05_PtCloates_BOSS","273","Holocentridae","Sargocentron","rubrum",NA,1,2371.96107
"2022-05_PtCloates_BOSS","273","Holocentridae","Sargocentron","rubrum",NA,1,2492.30866
"2022-05_PtCloates_BOSS","273","Holocentridae","Sargocentron","rubrum",NA,1,2735.02209
"2022-05_PtCloates_BOSS","273","Holocentridae","Sargocentron","rubrum",NA,1,2494.26162
"2022-05_PtCloates_BOSS","273","Holocentridae","Sargocentron","rubrum",NA,1,2262.30024
"2022-05_PtCloates_BOSS","273","Lethrinidae","Lethrinus","rubrioperculatus",NA,1,2030.12168
"2022-05_PtCloates_BOSS","273","Unknown","Unknown","unknown",NA,1,5539.7248
"2022-05_PtCloates_BOSS","267","Balistidae","Sufflamen","fraenatum",NA,1,1896.99779
"2022-05_PtCloates_BOSS","267","SUS","SUS","sus",NA,1,2360.78265
"2022-05_PtCloates_BOSS","267","Labridae","Suezichthys","cyanolaemus",NA,1,3766.15149
"2022-05_PtCloates_BOSS","267","Pinguipedidae","Parapercis","nebulosa",NA,1,3172.30481
"2022-05_PtCloates_BOSS","267","Cirrhitidae","Cirrhitichthys","aprinus",NA,1,2172.81196
