"campaignid","sample","filename","periodtime","family","genus","species","maxn","latitude","longitude","date","time","location","status","site","depth","observer","successful.count","successful.length"
"2021-05_PtCloates_BOSS","12","20210520_0809-1314_BOTTOM_0010_0001.mp4","1.01713","Holocentridae","Sargocentron","spp",1,"-22.7137","113.5364","20210520","10:49:29","Point Cloates","No-take","inNP.12","107","Molly Gerrans","Yes","Yes"
"2021-05_PtCloates_BOSS","12","20210520_0809-1314_BOTTOM_0010_0001.mp4","2.81114","Pinguipedidae","Parapercis","nebulosa",1,"-22.7137","113.5364","20210520","10:49:29","Point Cloates","No-take","inNP.12","107","Molly Gerrans","Yes","Yes"
"2021-05_PtCloates_BOSS","12","20210520_0809-1314_BOTTOM_0010_0001.mp4","2.18858","SUS","SUS","SUS",2,"-22.7137","113.5364","20210520","10:49:29","Point Cloates","No-take","inNP.12","107","Molly Gerrans","Yes","Yes"
"2021-05_PtCloates_BOSS","13","20210520_0809-1314_BOTTOM_0012_0001.mp4","0.00000","Holocentridae","Sargocentron","spp",1,"-22.7037","113.5389","20210520","11:16:00","Point Cloates","No-take","inNP.13","107","Molly Gerrans","Yes","Yes"
"2021-05_PtCloates_BOSS","13","20210520_0809-1314_BOTTOM_0012_0001.mp4","0.33867","Pinguipedidae","Parapercis","nebulosa",1,"-22.7037","113.5389","20210520","11:16:00","Point Cloates","No-take","inNP.13","107","Molly Gerrans","Yes","Yes"
"2021-05_PtCloates_BOSS","13","20210520_0809-1314_BOTTOM_0012_0001.mp4","0.09732","SUS","SUS","SUS",1,"-22.7037","113.5389","20210520","11:16:00","Point Cloates","No-take","inNP.13","107","Molly Gerrans","Yes","Yes"
"2021-05_PtCloates_BOSS","18","20210520_0809-1314_BOTTOM_0018_0001.mp4","1.60661","Nemipteridae",NA,NA,3,"-22.6838","113.5489","20210520","13:14:58","Point Cloates","No-take","inNP.18","102","Molly Gerrans","Yes",NA
"2021-05_PtCloates_BOSS","18","20210520_0809-1314_BOTTOM_0018_0001.mp4","0.98181","Priacanthidae","Priacanthus","spp",1,"-22.6838","113.5489","20210520","13:14:58","Point Cloates","No-take","inNP.18","102","Molly Gerrans","Yes",NA
"2021-05_PtCloates_BOSS","18","20210520_0809-1314_BOTTOM_0018_0001.mp4","0.43794","Sparidae","Dentex","spp",1,"-22.6838","113.5489","20210520","13:14:58","Point Cloates","No-take","inNP.18","102","Molly Gerrans","Yes",NA
"2021-05_PtCloates_BOSS","19","20210520_0809-1314_BOTTOM_0002_0001.mp4","2.63903","Pinguipedidae","Parapercis","nebulosa",1,"-22.7314","113.5313","20210520","08:09:34","Point Cloates","No-take","inNP.19","106","Molly Gerrans","Yes","Yes"
"2021-05_PtCloates_BOSS","19","20210520_0809-1314_BOTTOM_0002_0001.mp4","1.34245","Priacanthidae","Priacanthus","spp",1,"-22.7314","113.5313","20210520","08:09:34","Point Cloates","No-take","inNP.19","106","Molly Gerrans","Yes","Yes"
"2021-05_PtCloates_BOSS","20","20210520_0809-1314_BOTTOM_0010_0001.mp4","2.55561","Pinguipedidae","Parapercis","nebulosa",1,"-22.7187","113.5265","20210520","10:35:39","Point Cloates","No-take","inNP.20","120","Molly Gerrans","Yes","Yes"
"2021-05_PtCloates_BOSS","21","20210520_0809-1314_BOTTOM_0017_0001.mp4","0.00000","Chaetodontidae","Heniochus","acuminatus",2,"-22.6963","113.544","20210520","12:33:40","Point Cloates","No-take","inNP.21","103","Molly Gerrans","Yes",NA
"2021-05_PtCloates_BOSS","21","20210520_0809-1314_BOTTOM_0017_0001.mp4","0.98904","Cirrhitidae","Cyprinocirrhites","polyactis",3,"-22.6963","113.544","20210520","12:33:40","Point Cloates","No-take","inNP.21","103","Molly Gerrans","Yes",NA
"2021-05_PtCloates_BOSS","21","20210520_0809-1314_BOTTOM_0017_0001.mp4","2.03314","Labridae","Labroides","dimidiatus",1,"-22.6963","113.544","20210520","12:33:40","Point Cloates","No-take","inNP.21","103","Molly Gerrans","Yes",NA
"2021-05_PtCloates_BOSS","21","20210520_0809-1314_BOTTOM_0017_0001.mp4","1.91024","Mullidae",NA,NA,1,"-22.6963","113.544","20210520","12:33:40","Point Cloates","No-take","inNP.21","103","Molly Gerrans","Yes",NA
"2021-05_PtCloates_BOSS","21","20210520_0809-1314_BOTTOM_0017_0001.mp4","0.98904","Pinguipedidae","Parapercis","nebulosa",1,"-22.6963","113.544","20210520","12:33:40","Point Cloates","No-take","inNP.21","103","Molly Gerrans","Yes",NA
"2021-05_PtCloates_BOSS","21","20210520_0809-1314_BOTTOM_0017_0001.mp4","0.60839","Pomacanthidae","Chaetodontoplus","spp",1,"-22.6963","113.544","20210520","12:33:40","Point Cloates","No-take","inNP.21","103","Molly Gerrans","Yes",NA
"2021-05_PtCloates_BOSS","21","20210520_0809-1314_BOTTOM_0017_0001.mp4","2.54198","SUS","SUS","SUS",20,"-22.6963","113.544","20210520","12:33:40","Point Cloates","No-take","inNP.21","103","Molly Gerrans","Yes",NA
"2021-05_PtCloates_BOSS","21","20210520_0809-1314_BOTTOM_0017_0001.mp4","0.79218","Serranidae","Caesioperca","spp",1,"-22.6963","113.544","20210520","12:33:40","Point Cloates","No-take","inNP.21","103","Molly Gerrans","Yes",NA
"2021-05_PtCloates_BOSS","22","20210520_0809-1314_BOTTOM_0003_0001.mp4","1.05717","Carangidae","Decapterus","spp",59,"-22.7438","113.5337","20210520","08:23:06","Point Cloates","No-take","inNP.22","96.4","Molly Gerrans","Yes",NA
"2021-05_PtCloates_BOSS","22","20210520_0809-1314_BOTTOM_0003_0001.mp4","1.21733","Clupeidae",NA,"spp",100,"-22.7438","113.5337","20210520","08:23:06","Point Cloates","No-take","inNP.22","96.4","Molly Gerrans","Yes",NA
"2021-05_PtCloates_BOSS","22","20210520_0809-1314_BOTTOM_0003_0001.mp4","1.56490","Pinguipedidae","Parapercis","nebulosa",1,"-22.7438","113.5337","20210520","08:23:06","Point Cloates","No-take","inNP.22","96.4","Molly Gerrans","Yes",NA
"2021-05_PtCloates_BOSS","25","20210520_0809-1314_BOTTOM_0006_0001.mp4","0.17323","Carangidae","Pseudocaranx","spp",1,"-22.7262","113.4913","20210520","09:21:43","Point Cloates","Fished","outNP.1","208","Molly Gerrans","Yes",NA
"2021-05_PtCloates_BOSS","25","20210520_0809-1314_BOTTOM_0006_0001.mp4","0.90618","Carcharhinidae","Carcharhinus","spp",1,"-22.7262","113.4913","20210520","09:21:43","Point Cloates","Fished","outNP.1","208","Molly Gerrans","Yes",NA
"2021-05_PtCloates_BOSS","25","20210520_0809-1314_BOTTOM_0006_0001.mp4","1.39278","Gobiidae",NA,"spp",1,"-22.7262","113.4913","20210520","09:21:43","Point Cloates","Fished","outNP.1","208","Molly Gerrans","Yes",NA
"2021-05_PtCloates_BOSS","28","20210519_1108-1552_TOP_0004_0001.mp4","2.31092","Carcharhinidae","Carcharhinus","plumbeus",1,"-22.7585","113.4762","20210519","11:26:56","Point Cloates","Fished","outNP.4","206","Molly Gerrans","Yes","Yes"
"2021-05_PtCloates_BOSS","29","20210519_1108-1552_BOTTOM2_0006_0001.mp4","2.61428","SUS","SUS","SUS",2,"-22.7758","113.494","20210519","14:05:09","Point Cloates","Fished","outNP.5","152","Molly Gerrans","Yes","Yes"
"2021-05_PtCloates_BOSS","29","20210519_1108-1552_BOTTOM2_0006_0001.mp4","0.64537","Triakidae",NA,"spp",1,"-22.7758","113.494","20210519","14:05:09","Point Cloates","Fished","outNP.5","152","Molly Gerrans","Yes","Yes"
"2021-05_PtCloates_BOSS","31","20210519_1108-1552_BOTTOM2_0011_0001.mp4","1.67890","Carangidae","Carangoides","spp",1,"-22.7936","113.5041","20210519","15:43:13","Point Cloates","Fished","outNP.7","116","Molly Gerrans","Yes","Yes"
"2021-05_PtCloates_BOSS","31","20210519_1108-1552_BOTTOM2_0011_0001.mp4","2.63180","Lutjanidae","Pristipomoides","spp",1,"-22.7936","113.5041","20210519","15:43:13","Point Cloates","Fished","outNP.7","116","Molly Gerrans","Yes","Yes"
"2021-05_PtCloates_BOSS","31","20210519_1108-1552_BOTTOM2_0011_0001.mp4","1.79791","Pinguipedidae","Parapercis","nebulosa",1,"-22.7936","113.5041","20210519","15:43:13","Point Cloates","Fished","outNP.7","116","Molly Gerrans","Yes","Yes"
"2021-05_PtCloates_BOSS","31","20210519_1108-1552_BOTTOM2_0011_0001.mp4","1.28045","Priacanthidae","Priacanthus","spp",1,"-22.7936","113.5041","20210519","15:43:13","Point Cloates","Fished","outNP.7","116","Molly Gerrans","Yes","Yes"
"2021-05_PtCloates_BOSS","33","20210520_0809-1314_BOTTOM_0007_0001.mp4","0.17684","SUS","SUS","SUS",1,"-22.7163","113.4963","20210520","09:54:39","Point Cloates","Fished","outNP.9","207","Molly Gerrans","Yes","Yes"
"2021-05_PtCloates_BOSS","33","20210520_0809-1314_BOTTOM_0007_0001.mp4","1.00601","Sparidae","Dentex","spp",2,"-22.7163","113.4963","20210520","09:54:39","Point Cloates","Fished","outNP.9","207","Molly Gerrans","Yes","Yes"
"2021-05_PtCloates_BOSS","34","20210519_1108-1552_BOTTOM2_0003_0001.mp4","0.82749","SUS","SUS","SUS",1,"-22.7662","113.4889","20210519","13:14:53","Point Cloates","Fished","outNP.10","179","Molly Gerrans","Yes","Yes"
"2021-05_PtCloates_BOSS","34","20210519_1108-1552_BOTTOM2_0004_0001.mp4","3.02942","Unknown","Unknown","Unknown",1,"-22.7662","113.4889","20210519","13:14:53","Point Cloates","Fished","outNP.10","179","Molly Gerrans","Yes","Yes"
"2021-05_PtCloates_BOSS","4","20210520_0809-1314_BOTTOM_0011_0001.mp4","0.69542","SUS","SUS","SUS",1,"-22.7113","113.5415","20210520","11:01:54","Point Cloates","No-take","inNP.4","100","Molly Gerrans","Yes","Yes"
"2021-05_PtCloates_BOSS","40","20210519_1108-1552_BOTTOM2_0007_0001.mp4","0.16322","Pinguipedidae","Parapercis","nebulosa",2,"-22.7809","113.4964","20210519","14:17:36","Point Cloates","Fished","outNP.16","138","Molly Gerrans","Yes","Yes"
"2021-05_PtCloates_BOSS","45","20210519_1108-1552_BOTTOM2_0001_0001.mp4","2.51251","Carangidae","Pseudocaranx","spp",1,"-22.7512","113.4889","20210519","12:28:38","Point Cloates","Fished","outNP.21","191","Molly Gerrans","Yes","Yes"
"2021-05_PtCloates_BOSS","46","20210520_0809-1314_BOTTOM_0004_0001.mp4","0.67150","SUS","SUS","SUS",1,"-22.7463","113.5214","20210520","08:47:47","Point Cloates","Fished","outNP.22","113","Molly Gerrans","Yes","Yes"
"2021-05_PtCloates_BOSS","47","20210519_1108-1552_BOTTOM2_0004_0001.mp4","1.29073","Carcharhinidae","Carcharhinus","spp",1,"-22.7637","113.4839","20210519","13:28:30","Point Cloates","Fished","outNP.23","190","Molly Gerrans","Yes","Yes"
"2021-05_PtCloates_BOSS","47","20210519_1108-1552_BOTTOM2_0004_0001.mp4","2.38766","Pinguipedidae","Parapercis","nebulosa",1,"-22.7637","113.4839","20210519","13:28:30","Point Cloates","Fished","outNP.23","190","Molly Gerrans","Yes","Yes"
"2021-05_PtCloates_BOSS","47","20210519_1108-1552_BOTTOM2_0004_0001.mp4","0.90618","Unknown","Unknown","Unknown",1,"-22.7637","113.4839","20210519","13:28:30","Point Cloates","Fished","outNP.23","190","Molly Gerrans","Yes","Yes"
"2021-05_PtCloates_BOSS","48","20210519_1108-1552_BOTTOM2_0005_0001.mp4","0.25831","Unknown","Unknown","Unknown",1,"-22.7712","113.4688","20210519","13:44:57","Point Cloates","Fished","outNP.24","208","Molly Gerrans","Yes","Yes"
"2021-05_PtCloates_BOSS","49","20210519_1108-1552_BOTTOM2_0010_0001.mp4","0.21104","Pinguipedidae","Parapercis","nebulosa",3,"-22.7986","113.4864","20210519","15:28:04","Point Cloates","Fished","outNP.25","148","Molly Gerrans","Yes","Yes"
"2021-05_PtCloates_BOSS","50","20210520_0809-1314_BOTTOM_0015_0001.mp4","0.43293","Lethrinidae","Lethrinus","miniatus",1,"-22.7026","113.556","20210520","12:11:48","Point Cloates","No-take",NA,"77.6","Molly Gerrans","Yes","Yes"
"2021-05_PtCloates_BOSS","50","20210520_0809-1314_BOTTOM_0015_0001.mp4","0.61228","Pinguipedidae","Parapercis","nebulosa",1,"-22.7026","113.556","20210520","12:11:48","Point Cloates","No-take",NA,"77.6","Molly Gerrans","Yes","Yes"
"2021-05_PtCloates_BOSS","50","20210520_0809-1314_BOTTOM_0015_0001.mp4","0.00000","Priacanthidae","Priacanthus","spp",1,"-22.7026","113.556","20210520","12:11:48","Point Cloates","No-take",NA,"77.6","Molly Gerrans","Yes","Yes"
"2021-05_PtCloates_BOSS","9","20210520_0809-1314_BOTTOM_0016_0001.mp4","0.46352","Pinguipedidae","Parapercis","nebulosa",1,"-22.6937","113.5389","20210520","12:21:40","Point Cloates","No-take","inNP.9","114","Molly Gerrans","Yes","Yes"
"2022-05_PtCloates_BOSS","101","20220525_BOTTOM_2_0003_0001.mp4","0.07396","Lethrinidae","Gymnocranius","spp",1,"-22.7071","113.5528","2022-05-25","09:29:26","Pt Cloates","No-take",NA,"84.5","Kaitlin","Yes","Yes"
"2022-05_PtCloates_BOSS","101","20220525_BOTTOM_2_0003_0001.mp4","1.14336","Unknown","Unknown","Unknown",1,"-22.7071","113.5528","2022-05-25","09:29:26","Pt Cloates","No-take",NA,"84.5","Kaitlin","Yes","Yes"
"2022-05_PtCloates_BOSS","105","20220521_BOTTOM_2_0004_0001.mp4","1.54293","Lutjanidae","Lutjanus","sebae",1,"-22.7605","113.5445","2022-05-21","12:28:24","Pt Cloates","No-take",NA,"80.8","Claude","Yes","Yes"
"2022-05_PtCloates_BOSS","105","20220521_BOTTOM_2_0004_0001.mp4","1.58992","Nemipteridae","Pentapodus","nagasakiensis",5,"-22.7605","113.5445","2022-05-21","12:28:24","Pt Cloates","No-take",NA,"80.8","Claude","Yes","Yes"
"2022-05_PtCloates_BOSS","105","20220521_BOTTOM_2_0004_0001.mp4","1.31715","Pinguipedidae","Parapercis","nebulosa",2,"-22.7605","113.5445","2022-05-21","12:28:24","Pt Cloates","No-take",NA,"80.8","Claude","Yes","Yes"
"2022-05_PtCloates_BOSS","106","20220526_BOTTOM_1_0006_0001.mp4","2.90123","Pinguipedidae","Parapercis","nebulosa",1,"-22.6968","113.5635","2022-05-26","10:59:43","Pt Cloates","No-take",NA,"75.8","Molly","Yes",NA
"2022-05_PtCloates_BOSS","106","20220526_BOTTOM_1_0006_0001.mp4","2.19831","SUS","SUS","SUS",2,"-22.6968","113.5635","2022-05-26","10:59:43","Pt Cloates","No-take",NA,"75.8","Molly","Yes",NA
"2022-05_PtCloates_BOSS","107","20220525_BOTTOM_2_0002_0001.mp4","0.03698","Nemipteridae","Pentapodus","nagasakiensis",1,"-22.709","113.5599","2022-05-25","09:15:11","Pt Cloates","No-take",NA,"75.4","Claude","Yes","Yes"
"2022-05_PtCloates_BOSS","108","20220526_BOTTOM_2_0006_0001.mp4","1.74146","Balistidae",NA,"spp",1,"-22.6897","113.5545","2022-05-26","13:40:34","Pt Cloates","No-take",NA,"94.2","Molly","Yes",NA
"2022-05_PtCloates_BOSS","108","20220526_BOTTOM_2_0006_0001.mp4","1.11890","SUS","SUS","SUS",1,"-22.6897","113.5545","2022-05-26","13:40:34","Pt Cloates","No-take",NA,"94.2","Molly","Yes",NA
"2022-05_PtCloates_BOSS","108","20220526_BOTTOM_2_0006_0001.mp4","0.33450","Unknown","Unknown","Unknown",1,"-22.6897","113.5545","2022-05-26","13:40:34","Pt Cloates","No-take",NA,"94.2","Molly","Yes",NA
"2022-05_PtCloates_BOSS","110","20220523_BOTTOM_5_0001_0001.mp4","0.55055","Carangidae","Decapterus","spp",2,"-22.7234","113.5447","2022-05-23","15:14:15","Pt Cloates","No-take",NA,"93.3","Claude","Yes","Yes"
"2022-05_PtCloates_BOSS","111","20220526_BOTTOM_1_0007_0001.mp4","0.77272","Lethrinidae","Gymnocranius","sp1",1,"-22.6958","113.5608","2022-05-26","11:11:19","Pt Cloates","No-take",NA,"78.7","Molly","Yes",NA
"2022-05_PtCloates_BOSS","111","20220526_BOTTOM_1_0007_0001.mp4","0.10205","SUS","SUS","SUS",1,"-22.6958","113.5608","2022-05-26","11:11:19","Pt Cloates","No-take",NA,"78.7","Molly","Yes",NA
"2022-05_PtCloates_BOSS","112","20220519_BOTTOM_3_0006_0001.mp4","2.39767","Labridae",NA,NA,1,"-22.7339","113.5532","2022-05-19","15:20:29","Pt Cloates","No-take",NA,"76.9","Claude","Yes","Yes"
"2022-05_PtCloates_BOSS","113","20220525_BOTTOM_3_0002_0001.mp4","0.28223","Lethrinidae","Lethrinus","rubrioperculatus",1,"-22.7038","113.5592","2022-05-25","11:08:37","Pt Cloates","No-take",NA,"78.5","Kaitlin","Yes","Yes"
"2022-05_PtCloates_BOSS","113","20220525_BOTTOM_3_0002_0001.mp4","0.20270","Tetraodontidae","Lagocephalus","sceleratus",1,"-22.7038","113.5592","2022-05-25","11:08:37","Pt Cloates","No-take",NA,"78.5","Kaitlin","Yes","Yes"
"2022-05_PtCloates_BOSS","117","20220526_BOTTOM_2_0004_0001.mp4","2.35875","Labridae","Suezichthys","cyanolaemus",5,"-22.6936","113.551","2022-05-26","12:57:55","Pt Cloates","No-take",NA,"96","Molly","Yes",NA
"2022-05_PtCloates_BOSS","117","20220526_BOTTOM_2_0003_0001.mp4","0.18296","SUS","SUS","SUS",1,"-22.6936","113.551","2022-05-26","12:57:55","Pt Cloates","No-take",NA,"96","Molly","Yes",NA
"2022-05_PtCloates_BOSS","117","20220526_BOTTOM_2_0004_0001.mp4","2.64125","Unknown","Unknown","Unknown",1,"-22.6936","113.551","2022-05-26","12:57:55","Pt Cloates","No-take",NA,"96","Molly","Yes",NA
"2022-05_PtCloates_BOSS","118","20220519_BOTTOM_3_0004_0001.mp4","1.34106","Lethrinidae","Lethrinus","miniatus",1,"-22.7388","113.5435","2022-05-19","14:32:04","Pt Cloates","No-take",NA,"88.2","Claude","Yes","Yes"
"2022-05_PtCloates_BOSS","118","20220519_BOTTOM_3_0004_0001.mp4","2.20693","Pinguipedidae","Parapercis","nebulosa",1,"-22.7388","113.5435","2022-05-19","14:32:04","Pt Cloates","No-take",NA,"88.2","Claude","Yes","Yes"
"2022-05_PtCloates_BOSS","118","20220519_BOTTOM_3_0004_0001.mp4","2.39183","SUS","SUS","SUS",3,"-22.7388","113.5435","2022-05-19","14:32:04","Pt Cloates","No-take",NA,"88.2","Claude","Yes","Yes"
"2022-05_PtCloates_BOSS","120","20220526_BOTTOM_1_0005_0001.mp4","1.41419","Pinguipedidae","Parapercis","spp",1,"-22.6997","113.5628","2022-05-26","10:36:07","Pt Cloates","No-take",NA,"75.2","Molly","Yes",NA
"2022-05_PtCloates_BOSS","121","20220523_BOTTOM_4_0005_0001.mp4","0.13653","Carangidae","Decapterus","spp",1,"-22.7164","113.5548","2022-05-23","14:21:19","Pt Cloates","No-take",NA,"77.8","Claude","Yes","Yes"
"2022-05_PtCloates_BOSS","122","20220519_BOTTOM_3_0001_0001.mp4","1.38944","Carangidae","Carangoides","spp",4,"-22.75","113.5452","2022-05-19","13:35:27","Pt Cloates","No-take",NA,"83","Claude","Yes","Yes"
"2022-05_PtCloates_BOSS","122","20220519_BOTTOM_3_0001_0001.mp4","2.95323","Lethrinidae","Gymnocranius","spp",1,"-22.75","113.5452","2022-05-19","13:35:27","Pt Cloates","No-take",NA,"83","Claude","Yes","Yes"
"2022-05_PtCloates_BOSS","122","20220519_BOTTOM_3_0001_0001.mp4","1.86575","Lutjanidae","Pristipomoides","sp1",2,"-22.75","113.5452","2022-05-19","13:35:27","Pt Cloates","No-take",NA,"83","Claude","Yes","Yes"
"2022-05_PtCloates_BOSS","122","20220519_BOTTOM_3_0001_0001.mp4","0.80302","SUS","SUS","SUS",2,"-22.75","113.5452","2022-05-19","13:35:27","Pt Cloates","No-take",NA,"83","Claude","Yes","Yes"
"2022-05_PtCloates_BOSS","124","20220526_BOTTOM_2_0004_0001.mp4","1.17339","Carangidae","Decapterus","spp",2,"-22.6922","113.5552","2022-05-26","13:10:34","Pt Cloates","No-take",NA,"89.5","Molly","Yes",NA
"2022-05_PtCloates_BOSS","124","20220526_BOTTOM_2_0004_0001.mp4","0.14876","Lutjanidae","Lutjanus","sebae",1,"-22.6922","113.5552","2022-05-26","13:10:34","Pt Cloates","No-take",NA,"89.5","Molly","Yes",NA
"2022-05_PtCloates_BOSS","125","20220523_BOTTOM_3_0004_0001.mp4","1.73090","Carcharhinidae","Carcharhinus","albimarginatus",1,"-22.7521","113.5422","2022-05-23","11:51:02","Pt Cloates","No-take",NA,"84.7","Claude","Yes","Yes"
"2022-05_PtCloates_BOSS","125","20220523_BOTTOM_3_0004_0001.mp4","1.89856","Echeneidae","Echeneis","naucrates",1,"-22.7521","113.5422","2022-05-23","11:51:02","Pt Cloates","No-take",NA,"84.7","Claude","Yes","Yes"
"2022-05_PtCloates_BOSS","127","20220526_BOTTOM_1_0009_0001.mp4","2.73523","SUS","SUS","SUS",1,"-22.7005","113.5554","2022-05-26","11:51:10","Pt Cloates","No-take",NA,"83.7","Molly","Yes",NA
"2022-05_PtCloates_BOSS","129","20220523_BOTTOM_3_0004_0001.mp4","0.38594","Balistidae","Abalistes","stellatus",1,"-22.754","113.5469","2022-05-23","12:08:18","Pt Cloates","No-take",NA,"80.4","Claude","Yes","Yes"
"2022-05_PtCloates_BOSS","130","20220525_BOTTOM_1_0003_0001.mp4","0.03531","SUS","SUS","SUS",1,"-22.7084","113.5508","2022-05-25","08:30:36","Pt Cloates","No-take",NA,"91.6","Claude","Yes","Yes"
"2022-05_PtCloates_BOSS","131","20220523_BOTTOM_4_0001_0001.mp4","1.74535","Carangidae","Carangoides","spp",1,"-22.7446","113.5561","2022-05-23","12:55:53","Pt Cloates","No-take",NA,"71","Claude","Yes","Yes"
"2022-05_PtCloates_BOSS","131","20220523_BOTTOM_4_0001_0001.mp4","1.48370","Carangidae","Decapterus","spp",1,"-22.7446","113.5561","2022-05-23","12:55:53","Pt Cloates","No-take",NA,"71","Claude","Yes","Yes"
"2022-05_PtCloates_BOSS","132","20220521_BOTTOM_2_0003_0001.mp4","2.72606","Lethrinidae","Gymnocranius","spp",1,"-22.7618","113.5447","2022-05-21","12:12:20","Pt Cloates","No-take",NA,"78.1","Claude","Yes","Yes"
"2022-05_PtCloates_BOSS","132","20220521_BOTTOM_2_0003_0001.mp4","0.28250","Nemipteridae","Pentapodus","nagasakiensis",3,"-22.7618","113.5447","2022-05-21","12:12:20","Pt Cloates","No-take",NA,"78.1","Claude","Yes","Yes"
"2022-05_PtCloates_BOSS","134","20220526_BOTTOM_1_0006_0001.mp4","1.25292","Pinguipedidae","Parapercis","nebulosa",1,"-22.6982","113.5637","2022-05-26","10:50:23","Pt Cloates","No-take",NA,"75.3","Molly","Yes",NA
"2022-05_PtCloates_BOSS","136","20220519_BOTTOM_3_0004_0001.mp4","1.23902","Carangidae","Decapterus","spp",2,"-22.7379","113.5426","2022-05-19","14:44:38","Pt Cloates","No-take",NA,"89.9","Claude","Yes","Yes"
"2022-05_PtCloates_BOSS","136","20220519_BOTTOM_3_0004_0001.mp4","0.06896","Lethrinidae","Gymnocranius","spp",1,"-22.7379","113.5426","2022-05-19","14:44:38","Pt Cloates","No-take",NA,"89.9","Claude","Yes","Yes"
"2022-05_PtCloates_BOSS","136","20220519_BOTTOM_3_0004_0001.mp4","1.50261","Lutjanidae","Pristipomoides","sp1",1,"-22.7379","113.5426","2022-05-19","14:44:38","Pt Cloates","No-take",NA,"89.9","Claude","Yes","Yes"
"2022-05_PtCloates_BOSS","136","20220519_BOTTOM_3_0004_0001.mp4","2.35569","Pinguipedidae","Parapercis","nebulosa",2,"-22.7379","113.5426","2022-05-19","14:44:38","Pt Cloates","No-take",NA,"89.9","Claude","Yes","Yes"
"2022-05_PtCloates_BOSS","136","20220519_BOTTOM_3_0004_0001.mp4","0.64453","SUS","SUS","SUS",1,"-22.7379","113.5426","2022-05-19","14:44:38","Pt Cloates","No-take",NA,"89.9","Claude","Yes","Yes"
"2022-05_PtCloates_BOSS","136","20220519_BOTTOM_3_0004_0001.mp4","0.95540","Serranidae","Pseudanthias","georgei",4,"-22.7379","113.5426","2022-05-19","14:44:38","Pt Cloates","No-take",NA,"89.9","Claude","Yes","Yes"
"2022-05_PtCloates_BOSS","137","20220525_BOTTOM_2_0001_0001.mp4","1.69252","Carangidae","Decapterus","spp",3,"-22.7104","113.5582","2022-05-25","09:01:01","Pt Cloates","No-take",NA,"76.4","Claude","Yes","Yes"
"2022-05_PtCloates_BOSS","139","20220525_BOTTOM_1_0002_0001.mp4","2.91764","Carcharhinidae","Carcharhinus","spp",1,"-22.7092","113.549","2022-05-25","08:16:36","Pt Cloates","No-take",NA,"92.2","Claude","Yes","Yes"
"2022-05_PtCloates_BOSS","139","20220525_BOTTOM_1_0002_0001.mp4","0.25970","Lutjanidae","Pristipomoides","spp",1,"-22.7092","113.549","2022-05-25","08:16:36","Pt Cloates","No-take",NA,"92.2","Claude","Yes","Yes"
"2022-05_PtCloates_BOSS","140","20220526_BOTTOM_2_0001_0001.mp4","0.35897","SUS","SUS","SUS",1,"-22.6991","113.5537","2022-05-26","12:03:42","Pt Cloates","No-take",NA,"88.6","Molly","Yes",NA
"2022-05_PtCloates_BOSS","141","20220519_BOTTOM_3_0007_0001.mp4","0.19520","Lethrinidae","Gymnocranius","spp",1,"-22.7323","113.544","2022-05-19","15:33:37","Pt Cloates","No-take",NA,"88.4","Claude","Yes","Yes"
"2022-05_PtCloates_BOSS","144","20220523_BOTTOM_3_0005_0001.mp4","0.27667","Carangidae","Carangoides","chrysophrys",32,"-22.7524","113.5496","2022-05-23","12:21:44","Pt Cloates","No-take",NA,"76.7","Claude","Yes","Yes"
"2022-05_PtCloates_BOSS","144","20220523_BOTTOM_3_0005_0001.mp4","0.93399","Carangidae","Decapterus","spp",2,"-22.7524","113.5496","2022-05-23","12:21:44","Pt Cloates","No-take",NA,"76.7","Claude","Yes","Yes"
"2022-05_PtCloates_BOSS","145","20220527_TOP_2_0001_0001.mp4","0.41013","Chaetodontidae","Heniochus","acuminatus",5,"-22.6889","113.5583","2022-05-27","10:58:18","Pt Cloates","No-take",NA,"84.9","Molly","Yes",NA
"2022-05_PtCloates_BOSS","145","20220527_TOP_2_0001_0001.mp4","2.69241","Lutjanidae","Lutjanus","spp",8,"-22.6889","113.5583","2022-05-27","10:58:18","Pt Cloates","No-take",NA,"84.9","Molly","Yes",NA
"2022-05_PtCloates_BOSS","145","20220527_TOP_2_0001_0001.mp4","2.18607","Lutjanidae","Pinjalo","pinjalo",72,"-22.6889","113.5583","2022-05-27","10:58:18","Pt Cloates","No-take",NA,"84.9","Molly","Yes",NA
"2022-05_PtCloates_BOSS","147","20220519_BOTTOM_3_0003_0001.mp4","0.47381","Cirrhitidae","Paracirrhites","forsteri",1,"-22.7423","113.5417","2022-05-19","14:19:51","Pt Cloates","No-take",NA,"88.9","Claude","Yes","Yes"
"2022-05_PtCloates_BOSS","147","20220519_BOTTOM_3_0003_0001.mp4","1.81904","Labridae","Coris","caudimacula",1,"-22.7423","113.5417","2022-05-19","14:19:51","Pt Cloates","No-take",NA,"88.9","Claude","Yes","Yes"
"2022-05_PtCloates_BOSS","147","20220519_BOTTOM_3_0003_0001.mp4","0.02030","Lethrinidae","Gymnocranius","spp",1,"-22.7423","113.5417","2022-05-19","14:19:51","Pt Cloates","No-take",NA,"88.9","Claude","Yes","Yes"
"2022-05_PtCloates_BOSS","147","20220519_BOTTOM_3_0003_0001.mp4","1.81904","Pinguipedidae","Parapercis","nebulosa",2,"-22.7423","113.5417","2022-05-19","14:19:51","Pt Cloates","No-take",NA,"88.9","Claude","Yes","Yes"
"2022-05_PtCloates_BOSS","148","20220523_BOTTOM_4_0005_0001.mp4","2.15187","Carcharhinidae","Carcharhinus","spp",1,"-22.715","113.5573","2022-05-23","14:09:08","Pt Cloates","No-take",NA,"78","Claude","Yes","Yes"
"2022-05_PtCloates_BOSS","148","20220523_BOTTOM_4_0005_0001.mp4","2.73329","Scombridae","Scomberomorus","spp",1,"-22.715","113.5573","2022-05-23","14:09:08","Pt Cloates","No-take",NA,"78","Claude","Yes","Yes"
"2022-05_PtCloates_BOSS","149","20220525_BOTTOM_3_0002_0001.mp4","2.27839","Malacanthidae","Malacanthus","brevirostris",1,"-22.7034","113.55","2022-05-25","11:24:56","Pt Cloates","No-take",NA,"94.5","Kaitlin","Yes","Yes"
"2022-05_PtCloates_BOSS","149","20220525_BOTTOM_3_0003_0001.mp4","2.45273","Unknown","Unknown","Unknown",1,"-22.7034","113.55","2022-05-25","11:24:56","Pt Cloates","No-take",NA,"94.5","Kaitlin","Yes","Yes"
"2022-05_PtCloates_BOSS","150","20220519_BOTTOM_3_0002_0001.mp4","1.51957","Carangidae",NA,NA,2,"-22.7488","113.5427","2022-05-19","13:51:10","Pt Cloates","No-take",NA,"85.8","Claude","Yes","Yes"
"2022-05_PtCloates_BOSS","150","20220519_BOTTOM_3_0002_0001.mp4","0.76716","Echeneidae","Echeneis","naucrates",2,"-22.7488","113.5427","2022-05-19","13:51:10","Pt Cloates","No-take",NA,"85.8","Claude","Yes","Yes"
"2022-05_PtCloates_BOSS","150","20220519_BOTTOM_3_0002_0001.mp4","1.18841","Lethrinidae","Gymnocranius","spp",1,"-22.7488","113.5427","2022-05-19","13:51:10","Pt Cloates","No-take",NA,"85.8","Claude","Yes","Yes"
"2022-05_PtCloates_BOSS","151","20220526_BOTTOM_2_0005_0001.mp4","1.73813","Lethrinidae","Lethrinus","miniatus",1,"-22.6909","113.5557","2022-05-26","13:26:41","Pt Cloates","No-take",NA,"90","Molly","Yes",NA
"2022-05_PtCloates_BOSS","153","20220521_BOTTOM_3_0001_0001.mp4","0.01780","Echeneidae","Echeneis","naucrates",1,"-22.7589","113.5459","2022-05-21","13:14:55","Pt Cloates","No-take",NA,"78.2","Claude","Yes","Yes"
"2022-05_PtCloates_BOSS","153","20220521_BOTTOM_3_0001_0001.mp4","0.01780","Lutjanidae","Lutjanus","sebae",1,"-22.7589","113.5459","2022-05-21","13:14:55","Pt Cloates","No-take",NA,"78.2","Claude","Yes","Yes"
"2022-05_PtCloates_BOSS","155","20220525_BOTTOM_2_0004_0001.mp4","2.95796","SUS","SUS","SUS",1,"-22.7068","113.5483","2022-05-25","09:44:12","Pt Cloates","No-take",NA,"95.9","Kaitlin","Yes","Yes"
"2022-05_PtCloates_BOSS","156","20220526_BOTTOM_2_0002_0001.mp4","1.51985","Lethrinidae","Gymnocranius","sp1",1,"-22.6978","113.5511","2022-05-26","12:18:11","Pt Cloates","No-take",NA,"93","Molly","Yes",NA
"2022-05_PtCloates_BOSS","201","20220519_BOTTOM_2_0003_0001.mp4","2.47914","Chaetodontidae","Chaetodon","assarius",1,"-22.7488","113.5378","2022-05-19","11:50:14",NA,"No-take",NA,"94.9","Claude Spencer","Yes","Yes"
"2022-05_PtCloates_BOSS","201","20220519_BOTTOM_2_0003_0001.mp4","1.88327","Chaetodontidae","Heniochus","acuminatus",2,"-22.7488","113.5378","2022-05-19","11:50:14",NA,"No-take",NA,"94.9","Claude Spencer","Yes","Yes"
"2022-05_PtCloates_BOSS","201","20220519_BOTTOM_2_0003_0001.mp4","0.71850","Cirrhitidae","Paracirrhites","forsteri",1,"-22.7488","113.5378","2022-05-19","11:50:14",NA,"No-take",NA,"94.9","Claude Spencer","Yes","Yes"
"2022-05_PtCloates_BOSS","201","20220519_BOTTOM_2_0003_0001.mp4","0.72322","Labridae","Labroides","dimidiatus",1,"-22.7488","113.5378","2022-05-19","11:50:14",NA,"No-take",NA,"94.9","Claude Spencer","Yes","Yes"
"2022-05_PtCloates_BOSS","201","20220519_BOTTOM_2_0003_0001.mp4","0.52219","SUS","SUS","SUS",1,"-22.7488","113.5378","2022-05-19","11:50:14",NA,"No-take",NA,"94.9","Claude Spencer","Yes","Yes"
"2022-05_PtCloates_BOSS","201","20220519_BOTTOM_2_0003_0001.mp4","1.91386","Serranidae","Epinephelus","multinotatus",1,"-22.7488","113.5378","2022-05-19","11:50:14",NA,"No-take",NA,"94.9","Claude Spencer","Yes","Yes"
"2022-05_PtCloates_BOSS","201","20220519_BOTTOM_2_0003_0001.mp4","2.47748","Serranidae","Pseudanthias","georgei",7,"-22.7488","113.5378","2022-05-19","11:50:14",NA,"No-take",NA,"94.9","Claude Spencer","Yes","Yes"
"2022-05_PtCloates_BOSS","202","20220527_BOTTOM_1_0003_0001.mp4","0.96291","Carangidae","Carangoides","chrysophrys",1,"-22.6851","113.5571","2022-05-27","09:03:52",NA,"No-take",NA,"91.4","Henry Evans","Yes","Yes"
"2022-05_PtCloates_BOSS","203","20220519_BOTTOM_1_0008_0001.mp4","1.68974","Cirrhitidae","Paracirrhites","forsteri",1,"-22.7548","113.55","2022-05-19","09:44:17",NA,"No-take",NA,"75.7","Claude Spencer","Yes","Yes"
"2022-05_PtCloates_BOSS","203","20220519_BOTTOM_1_0008_0001.mp4","0.31976","Nemipteridae","Pentapodus","nagasakiensis",4,"-22.7548","113.55","2022-05-19","09:44:17",NA,"No-take",NA,"75.7","Claude Spencer","Yes","Yes"
"2022-05_PtCloates_BOSS","204","20220526_BOTTOM_3_0003_0001.mp4","2.97102","Lethrinidae","Gymnocranius","sp1",1,"-22.6911","113.5576","2022-05-26","15:07:11",NA,"No-take",NA,"85.8","Henry Evans","Yes","Yes"
"2022-05_PtCloates_BOSS","207","20220519_BOTTOM_1_0009_0001.mp4","0.71293","Lethrinidae","Gymnocranius","spp",3,"-22.7523","113.5552","2022-05-19","10:00:48",NA,"No-take",NA,"71.4","Claude Spencer","Yes","Yes"
"2022-05_PtCloates_BOSS","208","20220525_BOTTOM_3_0005_0001.mp4","1.18563","Carangidae","Carangoides","fulvoguttatus",3,"-22.7252","113.5464","2022-05-25","12:23:31",NA,"No-take",NA,"89.2","Kaitlin McCloghry","Yes","Yes"
"2022-05_PtCloates_BOSS","208","20220525_BOTTOM_3_0005_0001.mp4","2.84757","Lethrinidae","Gymnocranius","sp1",1,"-22.7252","113.5464","2022-05-25","12:23:31",NA,"No-take",NA,"89.2","Kaitlin McCloghry","Yes","Yes"
"2022-05_PtCloates_BOSS","208","20220525_BOTTOM_3_0005_0001.mp4","2.70576","Lethrinidae","Lethrinus","miniatus",2,"-22.7252","113.5464","2022-05-25","12:23:31",NA,"No-take",NA,"89.2","Kaitlin McCloghry","Yes","Yes"
"2022-05_PtCloates_BOSS","208","20220525_BOTTOM_3_0005_0001.mp4","2.92653","Lethrinidae","Lethrinus","rubrioperculatus",1,"-22.7252","113.5464","2022-05-25","12:23:31",NA,"No-take",NA,"89.2","Kaitlin McCloghry","Yes","Yes"
"2022-05_PtCloates_BOSS","208","20220525_BOTTOM_3_0005_0001.mp4","0.05561","Lutjanidae","Lutjanus","sebae",1,"-22.7252","113.5464","2022-05-25","12:23:31",NA,"No-take",NA,"89.2","Kaitlin McCloghry","Yes","Yes"
"2022-05_PtCloates_BOSS","210","20220527_BOTTOM_1_0003_0001.mp4","0.52580","Unknown","Unknown","Unknown",1,"-22.686","113.5589","2022-05-27","08:51:10",NA,"No-take",NA,"87.7","Henry Evans","Yes","Yes"
"2022-05_PtCloates_BOSS","211","20220519_BOTTOM_1_0006_0001.mp4","0.18018","Carangidae","Carangoides","chrysophrys",1,"-22.7554","113.54","2022-05-19","09:11:46",NA,"No-take",NA,"87.2","Claude Spencer","Yes","Yes"
"2022-05_PtCloates_BOSS","211","20220519_BOTTOM_1_0006_0001.mp4","0.96235","Carcharhinidae","Carcharhinus","albimarginatus",1,"-22.7554","113.54","2022-05-19","09:11:46",NA,"No-take",NA,"87.2","Claude Spencer","Yes","Yes"
"2022-05_PtCloates_BOSS","211","20220519_BOTTOM_1_0006_0001.mp4","1.13363","Lethrinidae","Gymnocranius","spp",1,"-22.7554","113.54","2022-05-19","09:11:46",NA,"No-take",NA,"87.2","Claude Spencer","Yes","Yes"
"2022-05_PtCloates_BOSS","211","20220519_BOTTOM_1_0006_0001.mp4","1.76565","Serranidae","Epinephelus","areolatus",1,"-22.7554","113.54","2022-05-19","09:11:46",NA,"No-take",NA,"87.2","Claude Spencer","Yes","Yes"
"2022-05_PtCloates_BOSS","211","20220519_BOTTOM_1_0006_0001.mp4","1.05856","Serranidae","Pseudanthias","spp",4,"-22.7554","113.54","2022-05-19","09:11:46",NA,"No-take",NA,"87.2","Claude Spencer","Yes","Yes"
"2022-05_PtCloates_BOSS","212","20220523_BOTTOM_3_0001_0001.mp4","1.28601","Labridae","Coris","caudimacula",1,"-22.728","113.556","2022-05-23","11:00:30",NA,"No-take",NA,"75","Claude Spencer","Yes","Yes"
"2022-05_PtCloates_BOSS","212","20220523_BOTTOM_3_0001_0001.mp4","0.06173","Nemipteridae","Pentapodus","nagasakiensis",1,"-22.728","113.556","2022-05-23","11:00:30",NA,"No-take",NA,"75","Claude Spencer","Yes","Yes"
"2022-05_PtCloates_BOSS","212","20220523_BOTTOM_3_0001_0001.mp4","0.47714","Pomacentridae","Amblypomacentrus","breviceps",1,"-22.728","113.556","2022-05-23","11:00:30",NA,"No-take",NA,"75","Claude Spencer","Yes","Yes"
"2022-05_PtCloates_BOSS","213","20220526_BOTTOM_3_0002_0001.mp4","1.08775","Carangidae","Carangoides","spp",1,"-22.6919","113.5534","2022-05-26","14:52:29",NA,"No-take",NA,"93.5","Henry Evans","Yes","Yes"
"2022-05_PtCloates_BOSS","213","20220526_BOTTOM_3_0002_0001.mp4","1.37137","Carangidae","Decapterus","spp",1,"-22.6919","113.5534","2022-05-26","14:52:29",NA,"No-take",NA,"93.5","Henry Evans","Yes","Yes"
"2022-05_PtCloates_BOSS","213","20220526_BOTTOM_3_0002_0001.mp4","1.99894","Pinguipedidae","Parapercis","nebulosa",2,"-22.6919","113.5534","2022-05-26","14:52:29",NA,"No-take",NA,"93.5","Henry Evans","Yes","Yes"
"2022-05_PtCloates_BOSS","214","20220523_BOTTOM_2_0002_0001.mp4","1.10138","Pinguipedidae","Parapercis","nebulosa",1,"-22.733","113.5497","2022-05-23","09:52:30",NA,"No-take",NA,"81.5","Claude Spencer","Yes","Yes"
"2022-05_PtCloates_BOSS","216","20220521_BOTTOM_3_0004_0001.mp4","2.84284","Carangidae","Carangoides","fulvoguttatus",2,"-22.7451","113.5437","2022-05-21","14:12:02",NA,"No-take",NA,"86.5","Claude Spencer","Yes","Yes"
"2022-05_PtCloates_BOSS","216","20220521_BOTTOM_3_0004_0001.mp4","1.44895","Pinguipedidae","Parapercis","nebulosa",3,"-22.7451","113.5437","2022-05-21","14:12:02",NA,"No-take",NA,"86.5","Claude Spencer","Yes","Yes"
"2022-05_PtCloates_BOSS","216","20220521_BOTTOM_3_0004_0001.mp4","1.90941","SUS","SUS","SUS",1,"-22.7451","113.5437","2022-05-21","14:12:02",NA,"No-take",NA,"86.5","Claude Spencer","Yes","Yes"
"2022-05_PtCloates_BOSS","217","20220525_BOTTOM_4_0002_0001.mp4","2.45551","Pinguipedidae","Parapercis","nebulosa",1,"-22.7179","113.5593","2022-05-25","13:28:40",NA,"No-take",NA,"73.2","Kaitlin McCloghry","Yes","Yes"
"2022-05_PtCloates_BOSS","217","20220525_BOTTOM_4_0002_0001.mp4","0.41625","SUS","SUS","SUS",2,"-22.7179","113.5593","2022-05-25","13:28:40",NA,"No-take",NA,"73.2","Kaitlin McCloghry","Yes","Yes"
"2022-05_PtCloates_BOSS","218","20220525_BOTTOM_3_0004_0001.mp4","2.82755","Pinguipedidae","Parapercis","nebulosa",2,"-22.726","113.5411","2022-05-25","11:55:43",NA,"No-take",NA,"97.7","Kaitlin McCloghry","Yes","Yes"
"2022-05_PtCloates_BOSS","219","20220521_BOTTOM_4_0003_0001.mp4","1.15310","Labridae","Labroides","dimidiatus",1,"-22.7317","113.543","2022-05-21","16:11:52",NA,"No-take",NA,"90.7","Molly Gerrans","Yes","Yes"
"2022-05_PtCloates_BOSS","219","20220521_BOTTOM_4_0003_0001.mp4","0.93232","Pinguipedidae","Parapercis","nebulosa",2,"-22.7317","113.543","2022-05-21","16:11:52",NA,"No-take",NA,"90.7","Molly Gerrans","Yes","Yes"
"2022-05_PtCloates_BOSS","219","20220521_BOTTOM_4_0003_0001.mp4","1.15310","Serranidae","Pseudanthias","georgei",6,"-22.7317","113.543","2022-05-21","16:11:52",NA,"No-take",NA,"90.7","Molly Gerrans","Yes","Yes"
"2022-05_PtCloates_BOSS","220","20220525_BOTTOM_4_0007_0001.mp4","0.01223","Nemipteridae","Pentapodus","nagasakiensis",1,"-22.7067","113.5554","2022-05-25","15:00:42",NA,"No-take",NA,"80.8","Kaitlin McCloghry","Yes","Yes"
"2022-05_PtCloates_BOSS","221","20220519_BOTTOM_1_0009_0001.mp4","0.01279","Carangidae","Carangoides","spp",1,"-22.7519","113.5483","2022-05-19","10:12:53",NA,"No-take",NA,"78.4","Claude Spencer","Yes","Yes"
"2022-05_PtCloates_BOSS","221","20220519_BOTTOM_1_0009_0001.mp4","0.23829","Lethrinidae","Gymnocranius","spp",5,"-22.7519","113.5483","2022-05-19","10:12:53",NA,"No-take",NA,"78.4","Claude Spencer","Yes","Yes"
"2022-05_PtCloates_BOSS","221","20220519_BOTTOM_1_0009_0001.mp4","0.40096","Lutjanidae","Lutjanus","sebae",1,"-22.7519","113.5483","2022-05-19","10:12:53",NA,"No-take",NA,"78.4","Claude Spencer","Yes","Yes"
"2022-05_PtCloates_BOSS","221","20220519_BOTTOM_1_0009_0001.mp4","0.99683","Lutjanidae","Pristipomoides","sp1",2,"-22.7519","113.5483","2022-05-19","10:12:53",NA,"No-take",NA,"78.4","Claude Spencer","Yes","Yes"
"2022-05_PtCloates_BOSS","223","20220525_BOTTOM_4_0003_0001.mp4","2.21916","Carangidae","Carangoides","spp",1,"-22.7188","113.5517","2022-05-25","13:41:07",NA,"No-take",NA,"80.5","Kaitlin McCloghry","Yes","Yes"
"2022-05_PtCloates_BOSS","224","20220519_BOTTOM_1_0005_0001.mp4","0.40819","Carangidae","Carangoides","gymnostethus",46,"-22.7598","113.5487","2022-05-19","08:44:41",NA,"No-take",NA,"76.1","Claude Spencer","Yes","Yes"
"2022-05_PtCloates_BOSS","224","20220519_BOTTOM_1_0005_0001.mp4","2.50528","Unknown","Unknown","Unknown",1,"-22.7598","113.5487","2022-05-19","08:44:41",NA,"No-take",NA,"76.1","Claude Spencer","Yes","Yes"
"2022-05_PtCloates_BOSS","225","20220525_BOTTOM_4_0005_0001.mp4","2.18718","Balistidae","Xanthichthys","lineopunctatus",1,"-22.7084","113.5624","2022-05-25","14:33:25",NA,"No-take",NA,"72.1","Kaitlin McCloghry","Yes","Yes"
"2022-05_PtCloates_BOSS","225","20220525_BOTTOM_4_0005_0001.mp4","2.78028","Nemipteridae","Pentapodus","nagasakiensis",1,"-22.7084","113.5624","2022-05-25","14:33:25",NA,"No-take",NA,"72.1","Kaitlin McCloghry","Yes","Yes"
"2022-05_PtCloates_BOSS","226","20220519_BOTTOM_1_0007_0001.mp4","1.37415","Lethrinidae","Gymnocranius","spp",1,"-22.7536","113.5408","2022-05-19","09:30:58",NA,"No-take",NA,"86.6","Claude Spencer","Yes","Yes"
"2022-05_PtCloates_BOSS","226","20220519_BOTTOM_1_0007_0001.mp4","1.45034","SUS","SUS","SUS",1,"-22.7536","113.5408","2022-05-19","09:30:58",NA,"No-take",NA,"86.6","Claude Spencer","Yes","Yes"
"2022-05_PtCloates_BOSS","228","20220525_BOTTOM_4_0001_0001.mp4","0.18546","Carangidae","Decapterus","spp",1,"-22.7233","113.5472","2022-05-25","13:01:14",NA,"No-take",NA,"88","Kaitlin McCloghry","Yes","Yes"
"2022-05_PtCloates_BOSS","228","20220525_BOTTOM_4_0001_0001.mp4","2.47330","SUS","SUS","SUS",1,"-22.7233","113.5472","2022-05-25","13:01:14",NA,"No-take",NA,"88","Kaitlin McCloghry","Yes","Yes"
"2022-05_PtCloates_BOSS","232","20220519_BOTTOM_1_0006_0001.mp4","0.07980","Chaetodontidae","Chaetodon","assarius",1,"-22.7576","113.5368","2022-05-19","08:59:18",NA,"No-take",NA,"90.9","Claude Spencer","Yes","Yes"
"2022-05_PtCloates_BOSS","232","20220519_BOTTOM_1_0006_0001.mp4","1.66750","Cirrhitidae","Paracirrhites","forsteri",3,"-22.7576","113.5368","2022-05-19","08:59:18",NA,"No-take",NA,"90.9","Claude Spencer","Yes","Yes"
"2022-05_PtCloates_BOSS","232","20220519_BOTTOM_1_0006_0001.mp4","2.33344","Labridae","Coris","caudimacula",1,"-22.7576","113.5368","2022-05-19","08:59:18",NA,"No-take",NA,"90.9","Claude Spencer","Yes","Yes"
"2022-05_PtCloates_BOSS","232","20220519_BOTTOM_1_0006_0001.mp4","2.63624","Pinguipedidae","Parapercis","nebulosa",1,"-22.7576","113.5368","2022-05-19","08:59:18",NA,"No-take",NA,"90.9","Claude Spencer","Yes","Yes"
"2022-05_PtCloates_BOSS","232","20220519_BOTTOM_1_0006_0001.mp4","0.10344","Priacanthidae","Priacanthus","hamrur",1,"-22.7576","113.5368","2022-05-19","08:59:18",NA,"No-take",NA,"90.9","Claude Spencer","Yes","Yes"
"2022-05_PtCloates_BOSS","232","20220519_BOTTOM_1_0006_0001.mp4","1.09415","Serranidae","Pseudanthias","spp",3,"-22.7576","113.5368","2022-05-19","08:59:18",NA,"No-take",NA,"90.9","Claude Spencer","Yes","Yes"
"2022-05_PtCloates_BOSS","233","20220523_BOTTOM_2_0004_0001.mp4","0.29057","SUS","SUS","SUS",1,"-22.7305","113.5526","2022-05-23","10:25:29",NA,"No-take",NA,"76.2","Claude Spencer","Yes","Yes"
"2022-05_PtCloates_BOSS","234","20220526_BOTTOM_3_0002_0001.mp4","2.35485","Pinguipedidae","Parapercis","nebulosa",1,"-22.6938","113.5563","2022-05-26","14:39:27",NA,"No-take",NA,"85.6","Henry Evans","Yes","Yes"
"2022-05_PtCloates_BOSS","237","20220519_BOTTOM_2_0003_0001.mp4","0.16906","SUS","SUS","SUS",1,"-22.7502","113.5462","2022-05-19","12:02:40",NA,"No-take",NA,"81.8","Claude Spencer","Yes","Yes"
"2022-05_PtCloates_BOSS","240","20220519_BOTTOM_2_0004_0001.mp4","1.06523","Lutjanidae","Pristipomoides","sp1",1,"-22.749","113.5509","2022-05-19","12:18:16",NA,"No-take",NA,"75","Claude Spencer","Yes","Yes"
"2022-05_PtCloates_BOSS","240","20220519_BOTTOM_2_0004_0001.mp4","0.18797","Unknown","Unknown","Unknown",1,"-22.749","113.5509","2022-05-19","12:18:16",NA,"No-take",NA,"75","Claude Spencer","Yes","Yes"
"2022-05_PtCloates_BOSS","241","20220521_BOTTOM_4_0001_0001.mp4","0.65315","Lethrinidae","Gymnocranius","euanus",1,"-22.7403","113.5387","2022-05-21","15:31:01",NA,"No-take",NA,"94.4","Molly Gerrans","Yes","Yes"
"2022-05_PtCloates_BOSS","241","20220521_BOTTOM_4_0001_0001.mp4","0.00000","Lutjanidae","Lutjanus","sebae",1,"-22.7403","113.5387","2022-05-21","15:31:01",NA,"No-take",NA,"94.4","Molly Gerrans","Yes","Yes"
"2022-05_PtCloates_BOSS","241","20220521_BOTTOM_4_0001_0001.mp4","2.45662","Lutjanidae","Pristipomoides","typus",2,"-22.7403","113.5387","2022-05-21","15:31:01",NA,"No-take",NA,"94.4","Molly Gerrans","Yes","Yes"
"2022-05_PtCloates_BOSS","242","20220525_BOTTOM_5_0002_0001.mp4","1.93221","Chaetodontidae","Heniochus","acuminatus",2,"-22.7009","113.5519","2022-05-25","15:53:38",NA,"No-take",NA,"88.5","Kaitlin McCloghry","Yes","Yes"
"2022-05_PtCloates_BOSS","242","20220525_BOTTOM_5_0001_0001.mp4","0.31114","Labridae","Suezichthys","cyanolaemus",1,"-22.7009","113.5519","2022-05-25","15:53:38",NA,"No-take",NA,"88.5","Kaitlin McCloghry","Yes","Yes"
"2022-05_PtCloates_BOSS","242","20220525_BOTTOM_5_0002_0001.mp4","0.75436","SUS","SUS","SUS",1,"-22.7009","113.5519","2022-05-25","15:53:38",NA,"No-take",NA,"88.5","Kaitlin McCloghry","Yes","Yes"
"2022-05_PtCloates_BOSS","243","20220525_BOTTOM_4_0001_0001.mp4","0.84473","Nemipteridae","Pentapodus","nagasakiensis",1,"-22.7206","113.5573","2022-05-25","13:14:20",NA,"No-take",NA,"74.4","Kaitlin McCloghry","Yes","Yes"
"2022-05_PtCloates_BOSS","244","20220521_BOTTOM_4_0002_0001.mp4","2.88483","Pinguipedidae","Parapercis","nebulosa",2,"-22.7347","113.5406","2022-05-21","15:59:32",NA,"No-take",NA,"93","Molly Gerrans","Yes","Yes"
"2022-05_PtCloates_BOSS","248","20220519_BOTTOM_1_0004_0001.mp4","0.56640","Balistidae",NA,"spp",1,"-22.7609","113.5473","2022-05-19","08:27:25",NA,"No-take",NA,"76.6","Claude Spencer","Yes","Yes"
"2022-05_PtCloates_BOSS","248","20220519_BOTTOM_1_0004_0001.mp4","2.95406","Lutjanidae","Lutjanus","sebae",1,"-22.7609","113.5473","2022-05-19","08:27:25",NA,"No-take",NA,"76.6","Claude Spencer","Yes","Yes"
"2022-05_PtCloates_BOSS","248","20220519_BOTTOM_1_0004_0001.mp4","0.26693","Pinguipedidae","Parapercis","nebulosa",1,"-22.7609","113.5473","2022-05-19","08:27:25",NA,"No-take",NA,"76.6","Claude Spencer","Yes","Yes"
"2022-05_PtCloates_BOSS","249","20220525_BOTTOM_3_0005_0001.mp4","0.11345","Carangidae","Decapterus","spp",1,"-22.7248","113.5444","2022-05-25","12:07:55",NA,"No-take",NA,"92.3","Kaitlin McCloghry","Yes","Yes"
"2022-05_PtCloates_BOSS","249","20220525_BOTTOM_3_0005_0001.mp4","1.87270","Pinguipedidae","Parapercis","nebulosa",1,"-22.7248","113.5444","2022-05-25","12:07:55",NA,"No-take",NA,"92.3","Kaitlin McCloghry","Yes","Yes"
"2022-05_PtCloates_BOSS","250","20220526_BOTTOM_2_0007_0001.mp4","0.73017","Pinguipedidae","Parapercis","nebulosa",1,"-22.6972","113.5605","2022-05-26","14:06:02",NA,"No-take",NA,"78.1","Henry Evans","Yes","Yes"
"2022-05_PtCloates_BOSS","251","20220523_BOTTOM_2_0004_0001.mp4","2.63680","Labridae",NA,"spp",1,"-22.7277","113.554","2022-05-23","10:37:45",NA,"No-take",NA,"76.4","Claude Spencer","Yes","Yes"
"2022-05_PtCloates_BOSS","251","20220523_BOTTOM_2_0004_0001.mp4","1.35608","Pinguipedidae","Parapercis","nebulosa",1,"-22.7277","113.554","2022-05-23","10:37:45",NA,"No-take",NA,"76.4","Claude Spencer","Yes","Yes"
"2022-05_PtCloates_BOSS","253","20220519_BOTTOM_2_0002_0001.mp4","1.72756","Lethrinidae","Lethrinus","miniatus",1,"-22.7509","113.538","2022-05-19","11:26:11",NA,"No-take",NA,"91.2","Claude Spencer","Yes","Yes"
"2022-05_PtCloates_BOSS","253","20220519_BOTTOM_2_0002_0001.mp4","2.73495","Pinguipedidae","Parapercis","nebulosa",3,"-22.7509","113.538","2022-05-19","11:26:11",NA,"No-take",NA,"91.2","Claude Spencer","Yes","Yes"
"2022-05_PtCloates_BOSS","253","20220519_BOTTOM_2_0002_0001.mp4","1.33244","Scombridae","Scomberomorus","spp",1,"-22.7509","113.538","2022-05-19","11:26:11",NA,"No-take",NA,"91.2","Claude Spencer","Yes","Yes"
"2022-05_PtCloates_BOSS","254","20220525_BOTTOM_5_0001_0001.mp4","0.87059","Pinguipedidae","Parapercis","nebulosa",1,"-22.6993","113.5499","2022-05-25","15:40:10",NA,"No-take",NA,"96","Kaitlin McCloghry","Yes","Yes"
"2022-05_PtCloates_BOSS","254","20220525_BOTTOM_5_0001_0001.mp4","2.90485","SUS","SUS","SUS",2,"-22.6993","113.5499","2022-05-25","15:40:10",NA,"No-take",NA,"96","Kaitlin McCloghry","Yes","Yes"
"2022-05_PtCloates_BOSS","255","20220521_BOTTOM_3_0003_0001.mp4","2.29034","Pinguipedidae","Parapercis","nebulosa",2,"-22.7444","113.5428","2022-05-21","13:59:38",NA,"No-take",NA,"87.3","Claude Spencer","Yes","Yes"
"2022-05_PtCloates_BOSS","256","20220523_BOTTOM_2_0003_0001.mp4","1.80013","Balistidae","Xanthichthys","lineopunctatus",1,"-22.7326","113.5465","2022-05-23","10:09:25",NA,"No-take",NA,"86.1","Claude Spencer","Yes","Yes"
"2022-05_PtCloates_BOSS","256","20220523_BOTTOM_2_0003_0001.mp4","2.49249","Pinguipedidae","Parapercis","nebulosa",1,"-22.7326","113.5465","2022-05-23","10:09:25",NA,"No-take",NA,"86.1","Claude Spencer","Yes","Yes"
"2022-05_PtCloates_BOSS","256","20220523_BOTTOM_2_0003_0001.mp4","1.39862","Pomacanthidae","Pomacanthus","semicirculatus",1,"-22.7326","113.5465","2022-05-23","10:09:25",NA,"No-take",NA,"86.1","Claude Spencer","Yes","Yes"
"2022-05_PtCloates_BOSS","257","20220525_BOTTOM_5_0003_0001.mp4","2.66572","Carangidae","Carangoides","spp",1,"-22.7001","113.5592","2022-05-25","16:18:12",NA,"No-take",NA,"79.4","Henry Evans","Yes","Yes"
"2022-05_PtCloates_BOSS","257","20220525_BOTTOM_5_0003_0001.mp4","0.61144","Lutjanidae","Lutjanus","sebae",1,"-22.7001","113.5592","2022-05-25","16:18:12",NA,"No-take",NA,"79.4","Henry Evans","Yes","Yes"
"2022-05_PtCloates_BOSS","257","20220525_BOTTOM_5_0003_0001.mp4","1.01768","Pinguipedidae","Parapercis","nebulosa",1,"-22.7001","113.5592","2022-05-25","16:18:12",NA,"No-take",NA,"79.4","Henry Evans","Yes","Yes"
"2022-05_PtCloates_BOSS","257","20220525_BOTTOM_5_0003_0001.mp4","1.50484","Unknown","Unknown","Unknown",2,"-22.7001","113.5592","2022-05-25","16:18:12",NA,"No-take",NA,"79.4","Henry Evans","Yes","Yes"
"2022-05_PtCloates_BOSS","258","20220526_BOTTOM_3_0001_0001.mp4","0.53776","Chaetodontidae","Heniochus","acuminatus",2,"-22.6958","113.5593","2022-05-26","14:20:39",NA,"No-take",NA,"79.6","Henry Evans","Yes","Yes"
"2022-05_PtCloates_BOSS","258","20220526_BOTTOM_3_0001_0001.mp4","1.68418","Lethrinidae","Lethrinus","miniatus",1,"-22.6958","113.5593","2022-05-26","14:20:39",NA,"No-take",NA,"79.6","Henry Evans","Yes","Yes"
"2022-05_PtCloates_BOSS","258","20220526_BOTTOM_3_0001_0001.mp4","2.54727","Unknown","Unknown","Unknown",1,"-22.6958","113.5593","2022-05-26","14:20:39",NA,"No-take",NA,"79.6","Henry Evans","Yes","Yes"
"2022-05_PtCloates_BOSS","259","20220521_BOTTOM_4_0004_0001.mp4","2.20832","Carangidae","Carangoides","chrysophrys",2,"-22.7312","113.5443","2022-05-21","16:24:58",NA,"No-take",NA,"88.9","Molly Gerrans","Yes","Yes"
"2022-05_PtCloates_BOSS","259","20220521_BOTTOM_4_0004_0001.mp4","0.15098","Pinguipedidae","Parapercis","nebulosa",1,"-22.7312","113.5443","2022-05-21","16:24:58",NA,"No-take",NA,"88.9","Molly Gerrans","Yes","Yes"
"2022-05_PtCloates_BOSS","259","20220521_BOTTOM_4_0004_0001.mp4","1.39389","Serranidae",NA,"spp",1,"-22.7312","113.5443","2022-05-21","16:24:58",NA,"No-take",NA,"88.9","Molly Gerrans","Yes","Yes"
"2022-05_PtCloates_BOSS","259","20220521_BOTTOM_4_0004_0001.mp4","0.35396","Unknown","Unknown","Unknown",1,"-22.7312","113.5443","2022-05-21","16:24:58",NA,"No-take",NA,"88.9","Molly Gerrans","Yes","Yes"
"2022-05_PtCloates_BOSS","260","20220525_BOTTOM_4_0003_0001.mp4","0.02363","Carcharhinidae","Carcharhinus","plumbeus",2,"-22.7177","113.5525","2022-05-25","13:53:04",NA,"No-take",NA,"83.6","Kaitlin McCloghry","Yes","Yes"
"2022-05_PtCloates_BOSS","260","20220525_BOTTOM_4_0003_0001.mp4","2.96936","Nemipteridae","Pentapodus","nagasakiensis",1,"-22.7177","113.5525","2022-05-25","13:53:04",NA,"No-take",NA,"83.6","Kaitlin McCloghry","Yes","Yes"
"2022-05_PtCloates_BOSS","260","20220525_BOTTOM_4_0003_0001.mp4","0.37760","SUS","SUS","SUS",1,"-22.7177","113.5525","2022-05-25","13:53:04",NA,"No-take",NA,"83.6","Kaitlin McCloghry","Yes","Yes"
"2022-05_PtCloates_BOSS","261","20220526_BOTTOM_3_0004_0001.mp4","1.18201","Lutjanidae","Lutjanus","sebae",1,"-22.6899","113.5608","2022-05-26","15:21:00",NA,"No-take",NA,"78.8","Molly Gerrans","Yes","Yes"
"2022-05_PtCloates_BOSS","261","20220526_BOTTOM_3_0004_0001.mp4","2.13574","SUS","SUS","SUS",4,"-22.6899","113.5608","2022-05-26","15:21:00",NA,"No-take",NA,"78.8","Molly Gerrans","Yes","Yes"
"2022-05_PtCloates_BOSS","262","20220519_BOTTOM_1_0011_0001.mp4","0.90285","Balistidae","Xanthichthys","lineopunctatus",1,"-22.7635","113.5347","2022-05-19","10:45:55",NA,"No-take",NA,"91","Claude Spencer","Yes","Yes"
"2022-05_PtCloates_BOSS","262","20220519_BOTTOM_1_0011_0001.mp4","1.60494","Chaetodontidae","Heniochus","acuminatus",2,"-22.7635","113.5347","2022-05-19","10:45:55",NA,"No-take",NA,"91","Claude Spencer","Yes","Yes"
"2022-05_PtCloates_BOSS","262","20220519_BOTTOM_1_0011_0001.mp4","0.97458","Lethrinidae","Gymnocranius","spp",2,"-22.7635","113.5347","2022-05-19","10:45:55",NA,"No-take",NA,"91","Claude Spencer","Yes","Yes"
"2022-05_PtCloates_BOSS","262","20220519_BOTTOM_1_0011_0001.mp4","1.31214","Lethrinidae","Lethrinus","miniatus",1,"-22.7635","113.5347","2022-05-19","10:45:55",NA,"No-take",NA,"91","Claude Spencer","Yes","Yes"
"2022-05_PtCloates_BOSS","262","20220519_BOTTOM_1_0011_0001.mp4","0.02252","Lutjanidae","Aphareus","rutilans",1,"-22.7635","113.5347","2022-05-19","10:45:55",NA,"No-take",NA,"91","Claude Spencer","Yes","Yes"
"2022-05_PtCloates_BOSS","262","20220519_BOTTOM_1_0011_0001.mp4","0.02252","Pinguipedidae","Parapercis","nebulosa",1,"-22.7635","113.5347","2022-05-19","10:45:55",NA,"No-take",NA,"91","Claude Spencer","Yes","Yes"
"2022-05_PtCloates_BOSS","264","20220519_BOTTOM_1_0010_0001.mp4","0.37259","Chaetodontidae","Chaetodon","assarius",1,"-22.7655","113.5389","2022-05-19","10:34:40",NA,"No-take",NA,"81.6","Claude Spencer","Yes","Yes"
"2022-05_PtCloates_BOSS","264","20220519_BOTTOM_1_0010_0001.mp4","0.52219","Chaetodontidae","Heniochus","acuminatus",1,"-22.7655","113.5389","2022-05-19","10:34:40",NA,"No-take",NA,"81.6","Claude Spencer","Yes","Yes"
"2022-05_PtCloates_BOSS","264","20220519_BOTTOM_1_0010_0001.mp4","0.03809","Labridae","Bodianus","bilunulatus",1,"-22.7655","113.5389","2022-05-19","10:34:40",NA,"No-take",NA,"81.6","Claude Spencer","Yes","Yes"
"2022-05_PtCloates_BOSS","264","20220519_BOTTOM_1_0010_0001.mp4","0.01529","Labridae","Bodianus","solatus",2,"-22.7655","113.5389","2022-05-19","10:34:40",NA,"No-take",NA,"81.6","Claude Spencer","Yes","Yes"
"2022-05_PtCloates_BOSS","264","20220519_BOTTOM_1_0010_0001.mp4","0.25470","Labridae","Labroides","dimidiatus",1,"-22.7655","113.5389","2022-05-19","10:34:40",NA,"No-take",NA,"81.6","Claude Spencer","Yes","Yes"
"2022-05_PtCloates_BOSS","264","20220519_BOTTOM_1_0011_0001.mp4","1.97892","Lutjanidae","Aphareus","rutilans",1,"-22.7655","113.5389","2022-05-19","10:34:40",NA,"No-take",NA,"81.6","Claude Spencer","Yes","Yes"
"2022-05_PtCloates_BOSS","264","20220519_BOTTOM_1_0011_0001.mp4","1.17423","Lutjanidae","Lutjanus","sebae",1,"-22.7655","113.5389","2022-05-19","10:34:40",NA,"No-take",NA,"81.6","Claude Spencer","Yes","Yes"
"2022-05_PtCloates_BOSS","264","20220519_BOTTOM_1_0011_0001.mp4","1.01101","Mullidae","Parupeneus","cyclostomus",4,"-22.7655","113.5389","2022-05-19","10:34:40",NA,"No-take",NA,"81.6","Claude Spencer","Yes","Yes"
"2022-05_PtCloates_BOSS","264","20220519_BOTTOM_1_0010_0001.mp4","0.00640","Mullidae","Parupeneus","spilurus",2,"-22.7655","113.5389","2022-05-19","10:34:40",NA,"No-take",NA,"81.6","Claude Spencer","Yes","Yes"
"2022-05_PtCloates_BOSS","264","20220519_BOTTOM_1_0011_0001.mp4","2.40073","Pomacanthidae","Pomacanthus","semicirculatus",1,"-22.7655","113.5389","2022-05-19","10:34:40",NA,"No-take",NA,"81.6","Claude Spencer","Yes","Yes"
"2022-05_PtCloates_BOSS","264","20220519_BOTTOM_1_0010_0001.mp4","0.41041","SUS","SUS","SUS",1000,"-22.7655","113.5389","2022-05-19","10:34:40",NA,"No-take",NA,"81.6","Claude Spencer","Yes","Yes"
"2022-05_PtCloates_BOSS","264","20220519_BOTTOM_1_0010_0001.mp4","0.25470","Serranidae","Cephalopholis","spp",1,"-22.7655","113.5389","2022-05-19","10:34:40",NA,"No-take",NA,"81.6","Claude Spencer","Yes","Yes"
"2022-05_PtCloates_BOSS","264","20220519_BOTTOM_1_0010_0001.mp4","0.08453","Serranidae","Plectropomus","spp",2,"-22.7655","113.5389","2022-05-19","10:34:40",NA,"No-take",NA,"81.6","Claude Spencer","Yes","Yes"
"2022-05_PtCloates_BOSS","265","20220519_BOTTOM_1_0012_0001.mp4","1.89940","Carangidae","Carangoides","chrysophrys",1,"-22.7561","113.529","2022-05-19","10:58:59",NA,"No-take",NA,"99.2","Claude Spencer","Yes","Yes"
"2022-05_PtCloates_BOSS","265","20220519_BOTTOM_1_0012_0001.mp4","1.47258","Lethrinidae","Gymnocranius","spp",6,"-22.7561","113.529","2022-05-19","10:58:59",NA,"No-take",NA,"99.2","Claude Spencer","Yes","Yes"
"2022-05_PtCloates_BOSS","265","20220519_BOTTOM_1_0012_0001.mp4","0.12707","Lethrinidae","Lethrinus","miniatus",1,"-22.7561","113.529","2022-05-19","10:58:59",NA,"No-take",NA,"99.2","Claude Spencer","Yes","Yes"
"2022-05_PtCloates_BOSS","266","20220519_BOTTOM_2_0001_0001.mp4","0.56918","Lutjanidae","Pristipomoides","sp1",3,"-22.7531","113.5301","2022-05-19","11:11:08",NA,"No-take",NA,"98.5","Claude Spencer","Yes","Yes"
"2022-05_PtCloates_BOSS","266","20220519_BOTTOM_2_0001_0001.mp4","2.84173","Pinguipedidae","Parapercis","nebulosa",1,"-22.7531","113.5301","2022-05-19","11:11:08",NA,"No-take",NA,"98.5","Claude Spencer","Yes","Yes"
"2022-05_PtCloates_BOSS","267","20220527_BOTTOM_1_0006_0001.mp4","0.00000","Balistidae","Sufflamen","fraenatum",1,"-22.6751","113.5615","2022-05-27","10:02:00",NA,"No-take",NA,"88.4","Henry Evans","Yes","Yes"
"2022-05_PtCloates_BOSS","267","20220527_BOTTOM_1_0006_0001.mp4","1.70559","Cirrhitidae","Cirrhitichthys","aprinus",2,"-22.6751","113.5615","2022-05-27","10:02:00",NA,"No-take",NA,"88.4","Henry Evans","Yes","Yes"
"2022-05_PtCloates_BOSS","267","20220527_BOTTOM_1_0006_0001.mp4","1.57074","Labridae","Suezichthys","cyanolaemus",1,"-22.6751","113.5615","2022-05-27","10:02:00",NA,"No-take",NA,"88.4","Henry Evans","Yes","Yes"
"2022-05_PtCloates_BOSS","267","20220527_BOTTOM_1_0006_0001.mp4","1.61356","Pinguipedidae","Parapercis","nebulosa",1,"-22.6751","113.5615","2022-05-27","10:02:00",NA,"No-take",NA,"88.4","Henry Evans","Yes","Yes"
"2022-05_PtCloates_BOSS","267","20220527_BOTTOM_1_0006_0001.mp4","1.57074","SUS","SUS","SUS",1,"-22.6751","113.5615","2022-05-27","10:02:00",NA,"No-take",NA,"88.4","Henry Evans","Yes","Yes"
"2022-05_PtCloates_BOSS","268","20220525_BOTTOM_4_0007_0001.mp4","0.76465","Carangidae","Carangoides","chrysophrys",1,"-22.7054","113.5501","2022-05-25","15:12:08",NA,"No-take",NA,"90.6","Kaitlin McCloghry","Yes","Yes"
"2022-05_PtCloates_BOSS","268","20220525_BOTTOM_4_0007_0001.mp4","0.92704","Carangidae","Decapterus","spp",2,"-22.7054","113.5501","2022-05-25","15:12:08",NA,"No-take",NA,"90.6","Kaitlin McCloghry","Yes","Yes"
"2022-05_PtCloates_BOSS","269","20220521_BOTTOM_3_0005_0001.mp4","0.68735","Carangidae","Carangoides","fulvoguttatus",52,"-22.7429","113.5458","2022-05-21","14:27:47",NA,"No-take",NA,"83.1","Claude Spencer","Yes","Yes"
"2022-05_PtCloates_BOSS","269","20220521_BOTTOM_3_0005_0001.mp4","0.59115","Carangidae","Gnathanodon","speciosus",1,"-22.7429","113.5458","2022-05-21","14:27:47",NA,"No-take",NA,"83.1","Claude Spencer","Yes","Yes"
"2022-05_PtCloates_BOSS","269","20220521_BOTTOM_3_0005_0001.mp4","0.59115","Echeneidae","Echeneis","naucrates",1,"-22.7429","113.5458","2022-05-21","14:27:47",NA,"No-take",NA,"83.1","Claude Spencer","Yes","Yes"
"2022-05_PtCloates_BOSS","270","20220519_BOTTOM_2_0002_0001.mp4","0.60227","Apogonidae","Pristiapogon","spp",1000,"-22.7511","113.5387","2022-05-19","11:37:38",NA,"No-take",NA,"91","Claude Spencer","Yes","Yes"
"2022-05_PtCloates_BOSS","270","20220519_BOTTOM_2_0002_0001.mp4","0.35341","Balistidae","Xanthichthys","lineopunctatus",1,"-22.7511","113.5387","2022-05-19","11:37:38",NA,"No-take",NA,"91","Claude Spencer","Yes","Yes"
"2022-05_PtCloates_BOSS","270","20220519_BOTTOM_2_0002_0001.mp4","2.19942","Blenniidae",NA,"spp",1,"-22.7511","113.5387","2022-05-19","11:37:38",NA,"No-take",NA,"91","Claude Spencer","Yes","Yes"
"2022-05_PtCloates_BOSS","270","20220519_BOTTOM_2_0002_0001.mp4","0.46463","Carangidae","Carangoides","spp",4,"-22.7511","113.5387","2022-05-19","11:37:38",NA,"No-take",NA,"91","Claude Spencer","Yes","Yes"
"2022-05_PtCloates_BOSS","270","20220519_BOTTOM_2_0002_0001.mp4","1.04410","Chaetodontidae","Heniochus","acuminatus",5,"-22.7511","113.5387","2022-05-19","11:37:38",NA,"No-take",NA,"91","Claude Spencer","Yes","Yes"
"2022-05_PtCloates_BOSS","270","20220519_BOTTOM_2_0002_0001.mp4","1.51624","Labridae","Bodianus","solatus",2,"-22.7511","113.5387","2022-05-19","11:37:38",NA,"No-take",NA,"91","Claude Spencer","Yes","Yes"
"2022-05_PtCloates_BOSS","270","20220519_BOTTOM_2_0002_0001.mp4","1.51624","Lethrinidae","Lethrinus","miniatus",2,"-22.7511","113.5387","2022-05-19","11:37:38",NA,"No-take",NA,"91","Claude Spencer","Yes","Yes"
"2022-05_PtCloates_BOSS","270","20220519_BOTTOM_2_0002_0001.mp4","2.37765","Scombridae","Scomberomorus","spp",1,"-22.7511","113.5387","2022-05-19","11:37:38",NA,"No-take",NA,"91","Claude Spencer","Yes","Yes"
"2022-05_PtCloates_BOSS","270","20220519_BOTTOM_2_0002_0001.mp4","1.61105","Serranidae","Epinephelus","multinotatus",1,"-22.7511","113.5387","2022-05-19","11:37:38",NA,"No-take",NA,"91","Claude Spencer","Yes","Yes"
"2022-05_PtCloates_BOSS","270","20220519_BOTTOM_2_0002_0001.mp4","0.07174","Serranidae","Pseudanthias","georgei",1,"-22.7511","113.5387","2022-05-19","11:37:38",NA,"No-take",NA,"91","Claude Spencer","Yes","Yes"
"2022-05_PtCloates_BOSS","270","20220519_BOTTOM_2_0002_0001.mp4","1.35524","Synodontidae","Synodus","spp",1,"-22.7511","113.5387","2022-05-19","11:37:38",NA,"No-take",NA,"91","Claude Spencer","Yes","Yes"
"2022-05_PtCloates_BOSS","270","20220519_BOTTOM_2_0002_0001.mp4","0.60227","Unknown","Unknown","Unknown",2,"-22.7511","113.5387","2022-05-19","11:37:38",NA,"No-take",NA,"91","Claude Spencer","Yes","Yes"
"2022-05_PtCloates_BOSS","271","20220527_BOTTOM_1_0005_0001.mp4","1.21566","Pinguipedidae","Parapercis","nebulosa",6,"-22.6776","113.5654","2022-05-27","09:32:15",NA,"No-take",NA,"79.5","Henry Evans","Yes","Yes"
"2022-05_PtCloates_BOSS","272","20220521_BOTTOM_4_0002_0001.mp4","0.73212","Lethrinidae","Lethrinus","miniatus",1,"-22.7374","113.5422","2022-05-21","15:45:16",NA,"No-take",NA,"89.2","Molly Gerrans","Yes","Yes"
"2022-05_PtCloates_BOSS","272","20220521_BOTTOM_4_0002_0001.mp4","1.89439","Pinguipedidae","Parapercis","nebulosa",3,"-22.7374","113.5422","2022-05-21","15:45:16",NA,"No-take",NA,"89.2","Molly Gerrans","Yes","Yes"
"2022-05_PtCloates_BOSS","273","20220527_BOTTOM_1_0006_0001.mp4","0.65760","Apogonidae","Ostorhinchus","aureus",1,"-22.6741","113.5665","2022-05-27","09:48:58",NA,"No-take",NA,"77.2","Henry Evans","Yes","Yes"
"2022-05_PtCloates_BOSS","273","20220527_BOTTOM_1_0006_0001.mp4","0.40457","Apogonidae","Ostorhinchus","semilineatus",14,"-22.6741","113.5665","2022-05-27","09:48:58",NA,"No-take",NA,"77.2","Henry Evans","Yes","Yes"
"2022-05_PtCloates_BOSS","273","20220527_BOTTOM_1_0006_0001.mp4","0.81971","Balistidae","Sufflamen","fraenatum",1,"-22.6741","113.5665","2022-05-27","09:48:58",NA,"No-take",NA,"77.2","Henry Evans","Yes","Yes"
"2022-05_PtCloates_BOSS","273","20220527_BOTTOM_1_0006_0001.mp4","2.39628","Carangidae","Decapterus","spp",2,"-22.6741","113.5665","2022-05-27","09:48:58",NA,"No-take",NA,"77.2","Henry Evans","Yes","Yes"
"2022-05_PtCloates_BOSS","273","20220527_BOTTOM_1_0006_0001.mp4","2.98187","Chaetodontidae","Heniochus","acuminatus",3,"-22.6741","113.5665","2022-05-27","09:48:58",NA,"No-take",NA,"77.2","Henry Evans","Yes","Yes"
"2022-05_PtCloates_BOSS","273","20220527_BOTTOM_1_0006_0001.mp4","1.75870","Holocentridae","Sargocentron","rubrum",27,"-22.6741","113.5665","2022-05-27","09:48:58",NA,"No-take",NA,"77.2","Henry Evans","Yes","Yes"
"2022-05_PtCloates_BOSS","273","20220527_BOTTOM_1_0006_0001.mp4","0.33756","Lethrinidae","Lethrinus","miniatus",1,"-22.6741","113.5665","2022-05-27","09:48:58",NA,"No-take",NA,"77.2","Henry Evans","Yes","Yes"
"2022-05_PtCloates_BOSS","273","20220527_BOTTOM_1_0006_0001.mp4","2.11572","Lethrinidae","Lethrinus","rubrioperculatus",1,"-22.6741","113.5665","2022-05-27","09:48:58",NA,"No-take",NA,"77.2","Henry Evans","Yes","Yes"
"2022-05_PtCloates_BOSS","273","20220527_BOTTOM_1_0006_0001.mp4","0.42543","Malacanthidae","Malacanthus","latovittatus",1,"-22.6741","113.5665","2022-05-27","09:48:58",NA,"No-take",NA,"77.2","Henry Evans","Yes","Yes"
"2022-05_PtCloates_BOSS","273","20220527_BOTTOM_1_0006_0001.mp4","1.08497","Serranidae","Plectropomus","spp",1,"-22.6741","113.5665","2022-05-27","09:48:58",NA,"No-take",NA,"77.2","Henry Evans","Yes","Yes"
"2022-05_PtCloates_BOSS","273","20220527_BOTTOM_1_0006_0001.mp4","2.95406","Unknown","Unknown","Unknown",1,"-22.6741","113.5665","2022-05-27","09:48:58",NA,"No-take",NA,"77.2","Henry Evans","Yes","Yes"
"2022-05_PtCloates_BOSS","274","20220523_BOTTOM_1_0003_0001.mp4","2.77833","Labridae","Bodianus","solatus",1,"-22.7343","113.5502","2022-05-23","08:50:34",NA,"No-take",NA,"79.2","Claude Spencer","Yes","Yes"
"2022-05_PtCloates_BOSS","274","20220523_BOTTOM_1_0002_0001.mp4","0.87727","Lethrinidae","Lethrinus","miniatus",1,"-22.7343","113.5502","2022-05-23","08:50:34",NA,"No-take",NA,"79.2","Claude Spencer","Yes","Yes"
"2022-05_PtCloates_BOSS","274","20220523_BOTTOM_1_0002_0001.mp4","0.19770","Lethrinidae","Lethrinus","rubrioperculatus",2,"-22.7343","113.5502","2022-05-23","08:50:34",NA,"No-take",NA,"79.2","Claude Spencer","Yes","Yes"
"2022-05_PtCloates_BOSS","274","20220523_BOTTOM_1_0002_0001.mp4","0.28834","Mullidae",NA,"spp",1,"-22.7343","113.5502","2022-05-23","08:50:34",NA,"No-take",NA,"79.2","Claude Spencer","Yes","Yes"
"2022-05_PtCloates_BOSS","274","20220523_BOTTOM_1_0002_0001.mp4","1.86742","Nemipteridae","Pentapodus","nagasakiensis",2,"-22.7343","113.5502","2022-05-23","08:50:34",NA,"No-take",NA,"79.2","Claude Spencer","Yes","Yes"
"2022-05_PtCloates_BOSS","B47","20220526_BOTTOM_1_0008_0001.mp4","1.54237","SUS","SUS","SUS",1,"-22.6996","113.5589","2022-05-26","11:38:31","Pt Cloates","No-take",NA,"78.5","Molly","Yes",NA
"2022-05_PtCloates_BOSS","B48","20220526_BOTTOM_1_0007_0001.mp4","3.00550","Lethrinidae","Lethrinus","miniatus",1,"-22.6963","113.5594","2022-05-26","11:21:54","Pt Cloates","No-take",NA,"79.6","Molly","Yes",NA
"2022-05_PtCloates_BOSS","B48","20220526_BOTTOM_1_0007_0001.mp4","2.90457","Lethrinidae","Lethrinus","rubrioperculatus",1,"-22.6963","113.5594","2022-05-26","11:21:54","Pt Cloates","No-take",NA,"79.6","Molly","Yes",NA
"2022-05_PtCloates_BOSS","B48","20220526_BOTTOM_1_0007_0001.mp4","0.12429","Lethrinidae","Lethrinus","sp10",2,"-22.6963","113.5594","2022-05-26","11:21:54","Pt Cloates","No-take",NA,"79.6","Molly","Yes",NA
"2022-05_PtCloates_BOSS","B48","20220526_BOTTOM_1_0007_0001.mp4","1.60410","Lutjanidae","Lutjanus","sebae",1,"-22.6963","113.5594","2022-05-26","11:21:54","Pt Cloates","No-take",NA,"79.6","Molly","Yes",NA
"2022-05_PtCloates_BOSS","B48","20220526_BOTTOM_1_0007_0001.mp4","0.51329","SUS","SUS","SUS",1,"-22.6963","113.5594","2022-05-26","11:21:54","Pt Cloates","No-take",NA,"79.6","Molly","Yes",NA
"2022-05_PtCloates_BOSS","B49","20220519_BOTTOM_3_0007_0001.mp4","0.80497","Carangidae","Decapterus","spp",2,"-22.7309","113.5442","2022-05-19","15:46:25","Pt Cloates","No-take",NA,"88.3","Claude","Yes","Yes"
"2022-05_PtCloates_BOSS","B49","20220519_BOTTOM_3_0007_0001.mp4","1.89300","Cirrhitidae","Paracirrhites","forsteri",1,"-22.7309","113.5442","2022-05-19","15:46:25","Pt Cloates","No-take",NA,"88.3","Claude","Yes","Yes"
"2022-05_PtCloates_BOSS","B49","20220519_BOTTOM_3_0007_0001.mp4","0.01696","Pinguipedidae","Parapercis","nebulosa",2,"-22.7309","113.5442","2022-05-19","15:46:25","Pt Cloates","No-take",NA,"88.3","Claude","Yes","Yes"
"2022-05_PtCloates_BOSS","B50","20220523_BOTTOM_4_0006_0001.mp4","0.05756","Lutjanidae","Lutjanus","sebae",1,"-22.7172","113.5528","2022-05-23","14:34:17","Pt Cloates","No-take",NA,"80.2","Claude","Yes","Yes"
"2022-05_PtCloates_BOSS","B51","20220527_TOP_2_0001_0001.mp4","1.24346","Acanthuridae",NA,"sp1",28,"-22.6901","113.5612","2022-05-27","10:45:05","Pt Cloates","No-take",NA,"80.3","Molly","Yes",NA
"2022-05_PtCloates_BOSS","B51","20220527_TOP_2_0001_0001.mp4","1.50484","Chaetodontidae","Heniochus","acuminatus",3,"-22.6901","113.5612","2022-05-27","10:45:05","Pt Cloates","No-take",NA,"80.3","Molly","Yes",NA
"2022-05_PtCloates_BOSS","B51","20220527_TOP_2_0001_0001.mp4","2.05705","Lethrinidae","Gymnocranius","sp1",1,"-22.6901","113.5612","2022-05-27","10:45:05","Pt Cloates","No-take",NA,"80.3","Molly","Yes",NA
"2022-05_PtCloates_BOSS","B51","20220527_TOP_2_0001_0001.mp4","1.07830","Lethrinidae","Lethrinus","miniatus",1,"-22.6901","113.5612","2022-05-27","10:45:05","Pt Cloates","No-take",NA,"80.3","Molly","Yes",NA
"2022-05_PtCloates_BOSS","B51","20220527_TOP_2_0001_0001.mp4","1.24346","Lutjanidae","Pristipomoides","sp1",2,"-22.6901","113.5612","2022-05-27","10:45:05","Pt Cloates","No-take",NA,"80.3","Molly","Yes",NA
"2022-05_PtCloates_BOSS","B51","20220527_TOP_2_0001_0001.mp4","2.55616","Unknown","Unknown","Unknown",5,"-22.6901","113.5612","2022-05-27","10:45:05","Pt Cloates","No-take",NA,"80.3","Molly","Yes",NA
"2022-05_PtCloates_BOSS","B52","20220521_BOTTOM_2_0002_0001.mp4","0.53832","Carangidae","Carangoides","chrysophrys",2,"-22.7635","113.5348","2022-05-21","11:55:53","Pt Cloates","No-take",NA,"91","Claude","Yes","Yes"
"2022-05_PtCloates_BOSS","B52","20220521_BOTTOM_2_0002_0001.mp4","0.31810","Carangidae","Seriola","dumerili",11,"-22.7635","113.5348","2022-05-21","11:55:53","Pt Cloates","No-take",NA,"91","Claude","Yes","Yes"
"2022-05_PtCloates_BOSS","B52","20220521_BOTTOM_2_0002_0001.mp4","1.36358","Lethrinidae","Gymnocranius","spp",1,"-22.7635","113.5348","2022-05-21","11:55:53","Pt Cloates","No-take",NA,"91","Claude","Yes","Yes"
"2022-05_PtCloates_BOSS","B52","20220521_BOTTOM_2_0002_0001.mp4","1.74758","Lethrinidae","Lethrinus","miniatus",1,"-22.7635","113.5348","2022-05-21","11:55:53","Pt Cloates","No-take",NA,"91","Claude","Yes","Yes"
"2022-05_PtCloates_BOSS","B52","20220521_BOTTOM_2_0002_0001.mp4","0.17823","Lutjanidae","Aphareus","rutilans",1,"-22.7635","113.5348","2022-05-21","11:55:53","Pt Cloates","No-take",NA,"91","Claude","Yes","Yes"
"2022-05_PtCloates_BOSS","B52","20220521_BOTTOM_2_0002_0001.mp4","0.31810","Lutjanidae","Lutjanus","sebae",1,"-22.7635","113.5348","2022-05-21","11:55:53","Pt Cloates","No-take",NA,"91","Claude","Yes","Yes"
"2022-05_PtCloates_BOSS","B53","20220527_TOP_2_0003_0001.mp4","1.08330","Scombridae","Scomberomorus","spp",2,"-22.6838","113.5636","2022-05-27","11:37:31","Pt Cloates","No-take",NA,"78.6","Molly","Yes",NA
"2022-05_PtCloates_BOSS","B54.2","20220521_BOTTOM_2_0001_0001.mp4","0.71822","Carangidae","Carangoides","fulvoguttatus",31,"-22.7654","113.5391","2022-05-21","11:38:15","Pt Cloates","No-take",NA,"84","Claude","Yes","Yes"
"2022-05_PtCloates_BOSS","B54.2","20220521_BOTTOM_2_0001_0001.mp4","2.14381","Cirrhitidae","Paracirrhites","forsteri",1,"-22.7654","113.5391","2022-05-21","11:38:15","Pt Cloates","No-take",NA,"84","Claude","Yes","Yes"
"2022-05_PtCloates_BOSS","B54.2","20220521_BOTTOM_2_0001_0001.mp4","2.94322","Lutjanidae","Lutjanus","sebae",1,"-22.7654","113.5391","2022-05-21","11:38:15","Pt Cloates","No-take",NA,"84","Claude","Yes","Yes"
"2022-05_PtCloates_BOSS","B54.2","20220521_BOTTOM_2_0001_0001.mp4","2.10905","Nemipteridae","Pentapodus","nagasakiensis",1,"-22.7654","113.5391","2022-05-21","11:38:15","Pt Cloates","No-take",NA,"84","Claude","Yes","Yes"
"2022-05_PtCloates_BOSS","B54.2","20220521_BOTTOM_2_0001_0001.mp4","2.18051","SUS","SUS","SUS",1,"-22.7654","113.5391","2022-05-21","11:38:15","Pt Cloates","No-take",NA,"84","Claude","Yes","Yes"
"2022-05_PtCloates_BOSS","B55","20220521_BOTTOM_3_0002_0001.mp4","1.18758","Lethrinidae","Gymnocranius","sp1",3,"-22.7563","113.5294","2022-05-21","13:30:08","Pt Cloates","No-take",NA,"98.5","Claude","Yes","Yes"
"2022-05_PtCloates_BOSS","B55","20220521_BOTTOM_3_0002_0001.mp4","2.02258","Lethrinidae","Lethrinus","miniatus",1,"-22.7563","113.5294","2022-05-21","13:30:08","Pt Cloates","No-take",NA,"98.5","Claude","Yes","Yes"
"2022-05_PtCloates_BOSS","B56","20220521_BOTTOM_3_0002_0001.mp4","0.73407","Lethrinidae","Gymnocranius","sp1",2,"-22.7533","113.5305","2022-05-21","13:43:22","Pt Cloates","No-take",NA,"98.6","Claude","Yes","Yes"
"2022-05_PtCloates_BOSS","B56","20220521_BOTTOM_3_0002_0001.mp4","0.10260","Lethrinidae","Lethrinus","miniatus",1,"-22.7533","113.5305","2022-05-21","13:43:22","Pt Cloates","No-take",NA,"98.6","Claude","Yes","Yes"
"2022-05_PtCloates_BOSS","B56","20220521_BOTTOM_3_0002_0001.mp4","0.79663","Lethrinidae","Lethrinus","rubrioperculatus",1,"-22.7533","113.5305","2022-05-21","13:43:22","Pt Cloates","No-take",NA,"98.6","Claude","Yes","Yes"
"2022-05_PtCloates_BOSS","B56","20220521_BOTTOM_3_0003_0001.mp4","2.95212","Pomacanthidae","Pomacanthus","semicirculatus",1,"-22.7533","113.5305","2022-05-21","13:43:22","Pt Cloates","No-take",NA,"98.6","Claude","Yes","Yes"
"2022-05_PtCloates_BOSS","B56","20220521_BOTTOM_3_0003_0001.mp4","2.54866","SUS","SUS","SUS",1,"-22.7533","113.5305","2022-05-21","13:43:22","Pt Cloates","No-take",NA,"98.6","Claude","Yes","Yes"
"2022-05_PtCloates_BOSS","B58","20220525_BOTTOM_2_0004_0001.mp4","2.14548","Carangidae",NA,"spp",1,"-22.7053","113.5499","2022-05-25","09:56:58","Pt Cloates","No-take",NA,"92.5","Kaitlin","Yes","Yes"
"2022-05_PtCloates_BOSS","B59","20220519_BOTTOM_3_0002_0001.mp4","0.62924","Lethrinidae","Gymnocranius","spp",1,"-22.7439","113.5456","2022-05-19","14:05:46","Pt Cloates","No-take",NA,"84","Claude","Yes","Yes"
"2022-05_PtCloates_BOSS","B59","20220519_BOTTOM_3_0002_0001.mp4","0.15488","Nemipteridae","Pentapodus","nagasakiensis",1,"-22.7439","113.5456","2022-05-19","14:05:46","Pt Cloates","No-take",NA,"84","Claude","Yes","Yes"
"2022-05_PtCloates_BOSS","B59","20220519_BOTTOM_3_0002_0001.mp4","2.41936","SUS","SUS","SUS",2,"-22.7439","113.5456","2022-05-19","14:05:46","Pt Cloates","No-take",NA,"84","Claude","Yes","Yes"
"2022-05_PtCloates_BOSS","B60","20220523_BOTTOM_3_0003_0001.mp4","1.32354","Labridae",NA,"spp",1,"-22.751","113.539","2022-05-23","11:38:17","Pt Cloates","No-take",NA,"89.8","Claude","Yes","Yes"
"2022-05_PtCloates_BOSS","B60","20220523_BOTTOM_3_0003_0001.mp4","2.74191","Lethrinidae","Gymnocranius","spp",2,"-22.751","113.539","2022-05-23","11:38:17","Pt Cloates","No-take",NA,"89.8","Claude","Yes","Yes"
"2022-05_PtCloates_BOSS","B60","20220523_BOTTOM_3_0003_0001.mp4","0.40179","Lethrinidae","Lethrinus","rubrioperculatus",1,"-22.751","113.539","2022-05-23","11:38:17","Pt Cloates","No-take",NA,"89.8","Claude","Yes","Yes"
"2022-05_PtCloates_BOSS","B61","20220527_TOP_2_0004_0001.mp4","0.07424","Lutjanidae","Pristipomoides","spp",1,"-22.6777","113.5657","2022-05-27","11:52:52","Pt Cloates","No-take",NA,"78.8","Molly","Yes",NA
"2022-05_PtCloates_BOSS","B61","20220527_TOP_2_0004_0001.mp4","0.64787","Pinguipedidae","Parapercis","spp",4,"-22.6777","113.5657","2022-05-27","11:52:52","Pt Cloates","No-take",NA,"78.8","Molly","Yes",NA
"2022-05_PtCloates_BOSS","B62","20220519_BOTTOM_3_0005_0001.mp4","0.33450","Cirrhitidae","Paracirrhites","forsteri",1,"-22.7377","113.5417","2022-05-19","14:55:57","Pt Cloates","No-take",NA,"89.3","Claude","Yes","Yes"
"2022-05_PtCloates_BOSS","B63","20220527_TOP_2_0005_0001.mp4","0.82916","Labridae",NA,"spp",2,"-22.6744","113.5666","2022-05-27","12:07:38","Pt Cloates","No-take",NA,"79.7","Molly","Yes",NA
"2022-05_PtCloates_BOSS","B63","20220527_TOP_2_0005_0001.mp4","2.68490","Lethrinidae","Lethrinus","miniatus",3,"-22.6744","113.5666","2022-05-27","12:07:38","Pt Cloates","No-take",NA,"79.7","Molly","Yes",NA
"2022-05_PtCloates_BOSS","B63","20220527_TOP_2_0005_0001.mp4","2.99772","Lethrinidae","Lethrinus","rubrioperculatus",1,"-22.6744","113.5666","2022-05-27","12:07:38","Pt Cloates","No-take",NA,"79.7","Molly","Yes",NA
"2022-05_PtCloates_BOSS","B63","20220527_TOP_2_0005_0001.mp4","1.53014","Pinguipedidae","Parapercis","nebulosa",1,"-22.6744","113.5666","2022-05-27","12:07:38","Pt Cloates","No-take",NA,"79.7","Molly","Yes",NA
"2022-05_PtCloates_BOSS","B64","20220519_BOTTOM_3_0006_0001.mp4","1.40724","Acanthuridae","Naso","fageni",1,"-22.7345","113.5505","2022-05-19","15:09:26","Pt Cloates","No-take",NA,"80.1","Claude","Yes","Yes"
"2022-05_PtCloates_BOSS","B64","20220519_BOTTOM_3_0006_0001.mp4","1.40724","Lethrinidae","Lethrinus","miniatus",1,"-22.7345","113.5505","2022-05-19","15:09:26","Pt Cloates","No-take",NA,"80.1","Claude","Yes","Yes"
"2022-05_PtCloates_BOSS","B64","20220519_BOTTOM_3_0006_0001.mp4","1.85324","Nemipteridae","Pentapodus","nagasakiensis",1,"-22.7345","113.5505","2022-05-19","15:09:26","Pt Cloates","No-take",NA,"80.1","Claude","Yes","Yes"
"2022-05_PtCloates_BOSS","B64","20220519_BOTTOM_3_0006_0001.mp4","2.25058","Pinguipedidae","Parapercis","nebulosa",1,"-22.7345","113.5505","2022-05-19","15:09:26","Pt Cloates","No-take",NA,"80.1","Claude","Yes","Yes"
